,Unnamed: 0,Territorial emissions in MtCOâ‚‚,Unnamed: 1,Unnamed: 2,Unnamed: 3,Unnamed: 4,Unnamed: 5,Unnamed: 6,Unnamed: 7,Unnamed: 8,Unnamed: 9,Unnamed: 10,Unnamed: 11,Unnamed: 12,Unnamed: 13,Unnamed: 14,Unnamed: 15,Unnamed: 16,Unnamed: 17,Unnamed: 18,Unnamed: 19,Unnamed: 20,Unnamed: 21,Unnamed: 22,Unnamed: 23,Unnamed: 24,Unnamed: 25,Unnamed: 26,Unnamed: 27,Unnamed: 28,Unnamed: 29,Unnamed: 30,Unnamed: 31,Unnamed: 32,Unnamed: 33,Unnamed: 34,Unnamed: 35,Unnamed: 36,Unnamed: 37,Unnamed: 38,Unnamed: 39,Unnamed: 40,Unnamed: 41,Unnamed: 42,Unnamed: 43,Unnamed: 44,Unnamed: 45,Unnamed: 46,Unnamed: 47,Unnamed: 48,Unnamed: 49,Unnamed: 50,Unnamed: 51,Unnamed: 52,Unnamed: 53,Unnamed: 54,Unnamed: 55,Unnamed: 56,Unnamed: 57,Unnamed: 58,Unnamed: 59,Unnamed: 60,Unnamed: 61,Unnamed: 62,Unnamed: 63,Unnamed: 64,Unnamed: 65,Unnamed: 66,Unnamed: 67,Unnamed: 68,Unnamed: 69,Unnamed: 70,Unnamed: 71,Unnamed: 72,Unnamed: 73,Unnamed: 74,Unnamed: 75,Unnamed: 76,Unnamed: 77,Unnamed: 78,Unnamed: 79,Unnamed: 80,Unnamed: 81,Unnamed: 82,Unnamed: 83,Unnamed: 84,Unnamed: 85,Unnamed: 86,Unnamed: 87,Unnamed: 88,Unnamed: 89,Unnamed: 90,Unnamed: 91,Unnamed: 92,Unnamed: 93,Unnamed: 94,Unnamed: 95,Unnamed: 96,Unnamed: 97,Unnamed: 98,Unnamed: 99,Unnamed: 100,Unnamed: 101,Unnamed: 102,Unnamed: 103,Unnamed: 104,Unnamed: 105,Unnamed: 106,Unnamed: 107,Unnamed: 108,Unnamed: 109,Unnamed: 110,Unnamed: 111,Unnamed: 112,Unnamed: 113,Unnamed: 114,Unnamed: 115,Unnamed: 116,Unnamed: 117,Unnamed: 118,Unnamed: 119,Unnamed: 120,Unnamed: 121,Unnamed: 122,Unnamed: 123,Unnamed: 124,Unnamed: 125,Unnamed: 126,Unnamed: 127,Unnamed: 128,Unnamed: 129,Unnamed: 130,Unnamed: 131,Unnamed: 132,Unnamed: 133,Unnamed: 134,Unnamed: 135,Unnamed: 136,Unnamed: 137,Unnamed: 138,Unnamed: 139,Unnamed: 140,Unnamed: 141,Unnamed: 142,Unnamed: 143,Unnamed: 144,Unnamed: 145,Unnamed: 146,Unnamed: 147,Unnamed: 148,Unnamed: 149,Unnamed: 150,Unnamed: 151,Unnamed: 152,Unnamed: 153,Unnamed: 154,Unnamed: 155,Unnamed: 156,Unnamed: 157,Unnamed: 158,Unnamed: 159,Unnamed: 160,Unnamed: 161,Unnamed: 162,Unnamed: 163,Unnamed: 164,Unnamed: 165,Unnamed: 166,Unnamed: 167,Unnamed: 168,Unnamed: 169,Unnamed: 170,Unnamed: 171,Unnamed: 172,Unnamed: 173,Unnamed: 174,Unnamed: 175,Unnamed: 176,Unnamed: 177,Unnamed: 178,Unnamed: 179,Unnamed: 180,Unnamed: 181,Unnamed: 182,Unnamed: 183,Unnamed: 184,Unnamed: 185,Unnamed: 186,Unnamed: 187,Unnamed: 188,Unnamed: 189,Unnamed: 190,Unnamed: 191,Unnamed: 192,Unnamed: 193,Unnamed: 194,Unnamed: 195,Unnamed: 196,Unnamed: 197,Unnamed: 198,Unnamed: 199,Unnamed: 200,Unnamed: 201,Unnamed: 202,Unnamed: 203,Unnamed: 204,Unnamed: 205,Unnamed: 206,Unnamed: 207,Unnamed: 208,Unnamed: 209,Unnamed: 210,Unnamed: 211,Unnamed: 212,Unnamed: 213,Unnamed: 214,Unnamed: 215,Unnamed: 216,Unnamed: 217,Unnamed: 218,Unnamed: 219,Unnamed: 220,Unnamed: 221,Year
1,1,1990.0,2.6032,5.4447,76.7376,0.4067,5.0899,0.051296,0.21984,112.0791,8.9623,0.48731,279.3648,62.1401,51.3804,2.0225,12.4058,14.0816,1.0701,103.7575,120.3079,0.31144,0.63064,0.50197,0.12824,5.7273,0.24675,19.3142,2.7004,218.658,0.065952,6.1885,76.6987,0.58258,0.20885,1.2604,2.6048,458.0074,0.095264,0,0.1832,0.37739,32.8913,2484.8548,56.8977,0.065952,1.0079,0.040304,2.913,4.7815,22.9777,29.6484,4.6244,4.6517,164.2027,4.249,53.5734,0.2748,0.058624,8.936,16.4578,75.2175,2.4751,0.062288,0,37.6498,2.9865,0.70349,0,0.80472,56.9684,392.9984,0.70966,0.43968,4.4847,0.19786,15.9453,1052.4768,3.7909,0,83.4256,0.62451,0.10626,1.3162,4.9722,1.0039,0.17221,1.1285,0.995,2.4167,27.1477,73.2255,2.2284,578.5182,150.2846,209.9437,49.057,32.9436,35.8244,439.5498,7.5272,1158.0074,10.4764,281.4611,5.6872,0.021984,0,37.807,19.369,0.51296,19.6614,7.8682,1.4729,0.46712,36.5138,0.19897,35.7677,11.8233,1.0332,0.92964,0.74023,54.2694,0.17221,0.42224,2.4085,0,1.6916,0.85371,1.4619,317.0424,0,36.6338,9.89,1.9153,0.029312,22.298,0.98874,4.2357,0,0.12458,0.72144,161.8069,1.5764,25.6493,2.0439,0.60178,38.8573,0.007328,122.4003,14.1844,35.098,0.86104,11.2224,67.8274,0,2.632,2.1544,2.1356,21.4008,41.3495,376.8078,45.3339,11.4112,0.43389,0,170.88,2525.518,0.52386,0.007328,0.10626,0.17954,0.0916,0.080608,0.087936,0.047632,208.497,3.1388,56.4482,0.15022,0.51662,43.5356,61.4754,15.083,0.14656,0.7309,312.9727,250.4691,231.1942,3.8308,4.7689,1.7374,0.95997,57.3783,44.1528,37.0453,124.066,12.084,2.1123,87.916,0,0.97764,0.076944,16.9812,13.1261,151.5085,31.3652,0.029312,0.010992,0.76085,705.83,51.7038,600.3439,5113.4547,3.9673,103.5158,0.065952,121.823,21.2986,0,0,9.5202,2.4071,15.5516,1990.0
2,2,1991.0,2.4274,4.2283,78.8068,0.4067,5.0641,0.051296,0.21251,117.5057,7.2883,0.53128,281.8715,65.7382,50.034,1.9969,11.8566,14.742,1.202,96.7804,123.3784,0.4067,0.73323,0.53861,0.17545,5.9724,0.1969,13.6333,2.6344,229.394,0.07328,5.3055,61.5173,0.62654,0.23816,1.3044,2.6684,449.6992,0.098928,0,0.19053,0.38472,30.9499,2606.0962,56.6541,0.065952,1.0828,0.040304,3.2879,4.3089,16.9862,27.1702,3.6902,5.1412,148.8924,3.1326,64.1887,0.28579,0.058624,9.5383,16.1572,77.2958,3.1547,0.065952,0,33.8233,2.9585,0.65586,0,0.66236,55.2304,417.1338,0.79978,0.43602,4.5217,0.19786,15.8695,1014.2245,4.2093,0,83.4011,0.6097,0.10992,1.3974,4.9511,1.0259,0.17587,1.1065,0.97614,2.4386,28.4631,69.6562,2.1061,615.9249,180.6211,226.0109,45.1854,33.6735,36.1485,439.094,7.751,1169.6919,9.9039,271.6948,4.709,0.021984,0,14.9164,16.0021,0.54594,17.9194,8.1152,1.5279,0.37088,42.6198,0.20633,37.85,12.4431,1.0919,1.0102,0.78591,65.7851,0.15389,0.42589,2.2554,0,1.5732,0.86837,1.5206,330.1332,0,29.631,12.121,1.355,0.029312,23.6882,0.94879,4.1374,1.0552,0.12458,1.0263,170.2273,1.7586,26.3328,1.9863,0.56879,41.9292,0.007328,117.2272,10.035,33.54,0.88302,11.5948,67.4771,0,3.1045,2.1691,2.1034,20.7579,43.4719,373.8279,47.1521,17.3805,0.40642,0,140.2038,2396.205,0.47214,0.007328,0.10626,0.18686,0.10259,0.084272,0.095264,0.047632,288.5455,3.3792,38.6159,0.17221,0.58258,44.2355,53.282,13.9621,0.15755,0.70759,326.0691,275.6565,240.9323,4.1382,4.4665,2.0231,0.87203,57.7529,46.1322,42.2008,133.586,9.7675,2.2553,96.7479,0,1.0498,0.095264,16.9682,15.3637,157.982,32.7169,0.029312,0.007328,0.77981,632.5366,56.6734,608.4306,5057.9309,4.5277,102.9207,0.065952,115.0522,21.3755,0,0,9.1274,2.3818,15.5015,1991.0
3,3,1992.0,1.3795,2.4952,79.8833,0.4067,5.1644,0.05496,0.20885,121.2306,5.8629,0.53861,286.3322,60.2365,56.1744,1.8686,10.8736,15.3799,0.97344,88.8588,122.5049,0.35541,0.78819,0.46166,0.20471,6.6207,0.16222,15.0287,2.7773,233.601,0.084272,5.2102,57.3652,0.63021,0.21618,1.3484,2.7123,463.521,0.10626,0,0.19419,0.4067,31.9783,2730.7876,61.4947,0.069616,1.2892,0.040304,3.7419,3.8435,16.3714,20.5931,3.0402,5.5159,144.6169,2.8082,58.3798,0.30045,0.058624,10.4182,21.9597,79.9399,3.3168,0.065952,0,24.3553,2.9367,0.64853,0,0.7411,54.2844,406.9794,0.80974,0.41403,4.9169,0.19786,15.2769,965.8933,3.6617,0,84.9827,0.5956,0.11725,1.4086,5.9192,1.0589,0.17954,1.0406,0.88852,2.6857,32.9186,62.0848,2.255,656.0331,203.5772,226.9349,58.8894,33.4945,42.0825,439.3152,7.7087,1179.3961,11.9842,247.2628,5.4024,0.025648,0,29.6484,11.0808,0.59273,14.1934,9.7269,1.5865,0.38799,37.0244,0.20695,21.2015,12.2097,1.0809,0.98086,0.78597,72.961,0.23083,0.46252,2.3149,0.076944,1.7333,0.90501,1.7074,332.7801,0.10259,20.9781,10.9939,1.4833,0.029312,24.7368,1.0382,4.8419,1.1505,0.12091,1.2329,170.0152,1.5755,28.2749,2.3726,0.52849,46.2653,0.007328,102.963,10.9847,34.468,0.916,11.8927,72.0149,0.19786,4.1123,2.1911,2.5799,20.9858,48.2928,364.7407,50.9817,26.7803,0.3634,0,130.235,1957.8861,0.47949,0.007328,0.10992,0.21251,0.095264,0.084272,0.098928,0.047632,316.1747,3.4227,42.818,0.17221,0.31877,47.4415,48.8754,13.8726,0.16122,0.68074,301.3674,300.0329,249.8314,5.1063,3.9893,2.0305,0.83173,57.4952,46.0088,42.5617,142.172,7.3081,2.1776,105.9635,0,1.0305,0.069616,19.1028,14.891,163.9222,31.9942,0.032976,0.007328,0.79779,589.0603,57.7571,592.8838,5167.4808,5.1429,110.9843,0.062288,105.5768,21.4665,0,0,9.8736,2.4247,16.7135,1992.0
4,4,1993.0,1.3331,2.3156,81.944,0.41037,5.7484,0.065952,0.21618,117.7775,2.575,0.64853,291.3247,60.6608,48.4061,1.7441,14.6086,16.0629,1.1005,76.555,121.4388,0.37739,0.95765,0.53861,0.1721,7.7917,0.25042,12.5806,3.195,244.306,0.087936,4.9647,58.4259,0.62654,0.22717,1.385,2.8658,463.9933,0.10992,0,0.19786,0.40304,33.9533,2921.651,63.3378,0.07328,1.1604,0.043968,3.8909,5.093,16.808,19.8228,4.6931,5.7593,138.6343,2.6623,60.6256,0.30045,0.062288,11.2088,24.0885,92.278,3.9756,0.069616,0,19.4037,2.9936,0.58258,0,0.74312,56.3482,387.6665,0.85949,0.42869,4.9747,0.20885,9.9157,956.1321,4.3095,0,84.2964,0.54571,0.12091,1.548,5.5778,1.0882,0.1832,1.0442,0.6842,2.8235,34.7778,63.3892,2.4113,677.9163,219.7622,235.6069,63.1298,33.7156,44.2345,431.6047,8.001,1172.3395,11.7743,219.5932,6.2147,0.029312,0,49.1294,8.5023,0.60742,11.9215,10.3549,1.6341,0.42463,38.7083,0.21503,16.3537,12.3547,1.1798,1.0065,0.87996,86.7186,0.19786,0.50281,2.8911,0.084272,1.863,0.92699,1.7734,338.0672,0.10259,15.8458,9.2626,1.2936,0.029312,26.7789,1.1916,5.303,1.3887,0.11358,1.3973,170.2061,1.8282,27.8627,2.2824,0.60184,44.8142,0.007328,94.8689,10.1236,36.008,0.93432,13.2248,77.1757,0.19786,3.7849,2.1911,2.9141,23.8848,48.9288,365.4417,49.4964,30.6845,0.25051,0,121.0182,1859.6794,0.48295,0.010992,0.11358,0.2345,0.07328,0.10259,0.10259,0.047632,340.6424,3.5387,37.6233,0.1832,0.32243,49.6619,46.3328,14.2337,0.17221,0.64042,320.3913,330.2717,241.209,4.9754,2.7463,2.0378,0.71082,57.5362,43.6009,45.2216,153.793,5.1706,2.426,120.911,0,1.0688,0.084272,17.4112,16.3526,171.0112,27.5164,0.040304,0.007328,0.79746,510.1995,65.5656,578.6353,5267.3431,4.4392,115.6172,0.062288,123.9663,22.853,0,0,8.6254,2.466,16.0466,1993.0
5,5,1994.0,1.2816,1.9126,86.1475,0.4067,3.8645,0.065952,0.21618,122.229,2.7133,0.65952,300.0843,61.0344,41.9439,1.7697,14.7545,17.538,0.7385,62.5051,124.8078,0.37373,1.0984,0.53128,0.20158,8.5938,0.24008,3.205,3.0301,254.002,0.098928,4.6899,56.4039,0.64486,0.2345,1.4253,2.8411,478.2671,0.11358,0,0.20885,0.4067,37.5167,3100.002,66.7906,0.07328,1.7686,0.043968,5.1998,4.133,16.0528,21.3823,4.4994,6.0006,132.3704,1.6982,64.6888,0.29312,0.065952,11.7964,13.5396,84.5558,4.5127,0.076944,0.74383,20.0364,2.1972,0.57525,0,0.73795,61.711,381.0259,0.76133,0.44334,4.3749,0.20885,6.0678,939.8146,5.0889,0,86.4422,0.49571,0.1429,1.6628,6.7512,1.1248,0.1832,1.4583,0.1832,3.1617,31.0793,61.7865,2.3647,716.9176,222.8551,263.8203,71.0892,34.8377,47.4746,425.7967,8.1886,1227.273,13.2496,185.6577,6.4219,0.029312,0,55.2258,6.1471,0.63426,10.37,11.1108,1.6744,0.42258,43.7525,0.20111,15.8011,11.5425,1.2714,1.2474,0.90327,90.631,0.19786,0.54839,2.6697,0.084272,1.9991,0.9563,1.6232,351.5282,0.10626,12.427,7.9271,1.2567,0.032976,28.1238,1.0796,6.1959,1.5719,0.10992,1.6194,170.7879,1.9712,28.0275,2.518,0.57975,34.9347,0.007328,86.7199,10.534,37.914,0.9673,15.0541,84.0183,0.19786,4.1773,2.1801,3.4043,23.7589,54.1225,360.5109,50.2765,30.3043,0.34448,0,119.1415,1641.6161,0.46212,0.010992,0.12091,0.26014,0.069616,0.12091,0.095264,0.047632,328.139,3.837,36.3265,0.20152,0.34808,60.0859,43.7316,14.6281,0.1832,0.62942,338.6249,355.8364,253.688,5.4352,3.785,2.0423,1.0772,59.9998,42.6758,46.1901,161.16,2.3551,2.0631,133.2994,0,1.0067,0.0916,17.0242,15.7772,167.4331,33.4431,0.043968,0.007328,0.70818,419.2663,72.6048,574.6408,5358.824,4.0304,107.98,0.062288,129.5312,26.1689,0,0,8.982,2.3933,17.3936,1994.0
6,6,1995.0,1.2305,2.0665,94.9814,0.42502,10.9489,0.065952,0.2235,127.7649,3.4332,0.70715,308.0226,64.0112,33.3093,1.8393,14.7865,21.0417,0.80664,57.508,125.9417,0.37739,1.1175,0.53128,0.23626,9.8,0.23758,3.402,3.0448,268.678,0.10992,4.7852,57.9503,0.62411,0.23816,1.4986,3.2037,490.9514,0.12091,0,0.20885,0.42136,41.0722,3357.9089,58.7754,0.076944,1.1859,0.043968,4.8008,6.1155,16.8164,22.8351,4.4526,5.8723,131.6005,2.1036,61.6022,0.31144,0.080608,15.107,22.6862,94.8904,4.9984,0.084272,0.82279,18.2129,2.506,0.57158,0,0.75502,58.14,385.9754,0.71147,0.43235,4.606,0.21618,2.2903,938.9684,5.1536,0,86.9791,0.53412,0.15022,1.7339,7.0786,1.1652,0.1832,1.5682,0.8757,3.7666,31.2671,61.3913,2.4671,762.1206,226.5426,271.582,74.0833,35.8522,49.8655,449.826,9.1734,1239.6198,13.2081,178.3811,7.4058,0.029312,0,54.5896,4.5116,0.6709,9.1338,12.2547,1.7074,0.4234,45.6899,0.2042,15.0916,9.1517,1.2311,1.2877,0.90668,113.9337,0.24915,0.5952,2.4603,0.087936,2.0213,1.0149,1.8283,331.5966,0.11358,11.4054,7.8994,1.3273,0.032976,28.7503,1.109,6.9073,1.6195,0.10626,2.3089,172.3004,2.0631,28.1488,2.7551,0.56192,33.4167,0.007328,81.2606,10.6366,38.522,0.94531,15.7191,83.6144,0.19786,3.653,2.0592,3.9371,24.6686,59.9504,362.8771,54.5434,31.2983,0.35608,0,124.2573,1613.1411,0.45476,0.010992,0.12824,0.2748,0.069616,0.12824,0.11358,0.047632,262.4211,3.4301,38.3739,0.19786,0.23083,40.5458,44.1741,15.3425,0.19053,0.5891,361.64,383.696,267.4583,5.8143,3.9029,2.0606,1.0626,59.4144,43.4127,41.2001,168.873,2.4453,2.4339,155.5169,0,1.1747,0.095264,16.4603,15.5469,180.903,33.9335,0.047632,0.010992,0.92548,389.8646,70.0123,566.568,5421.5025,4.5572,102.6637,0.065952,132.8762,28.6967,0,0,10.3521,2.1423,15.0284,1995.0
7,7,1996.0,1.1649,1.9932,96.7863,0.45434,10.424,0.069616,0.23816,134.7621,2.5954,0.72547,316.3322,67.3553,31.2423,1.8137,15.59,21.4928,0.82251,58.3766,129.48,0.30778,1.1508,0.52762,0.28367,10.0861,0.22224,4.2395,2.7553,289.311,0.11725,4.7413,58.5009,0.7047,0.24182,1.5169,3.5939,506.9996,0.1429,0,0.21251,0.43602,47.6111,3503.2337,59.7709,0.080608,1.3394,0.047632,4.6864,7.3353,17.344,23.333,4.1651,6.2224,134.9546,2.3111,74.8518,0.29312,0.07328,16.4844,24.0249,93.5687,4.4145,0.12824,0.89848,19.1345,2.7942,0.6009,0,0.81443,64.0565,402.4029,0.5864,0.43602,4.7542,0.21984,4.0538,959.1513,5.4686,0,89.132,0.59674,0.15389,1.8244,6.5711,1.2348,0.1832,1.6525,1.0186,3.8169,28.9085,63.0247,2.5226,825.9189,255.0675,273.7689,69.2832,37.4685,51.9358,444.0293,9.6876,1251.5309,13.8254,163.9407,9.1549,0.029312,0,49.9136,5.6642,0.74989,9.2115,12.7528,1.7367,0.43479,44.5144,0.20596,15.7734,9.2016,1.407,1.3406,0.90539,113.4419,0.28946,0.64608,2.5784,0.087936,2.0012,1.0626,1.9492,345.7661,0.11358,11.6871,8.0233,1.553,0.03664,29.5245,1.0918,7.2026,1.7221,0.10259,2.3528,181.4529,2.1839,29.3773,2.8472,0.642,36.7886,0.007328,71.6383,11.6845,41.594,1.0369,14.8838,93.539,0.19786,4.4468,2.1874,3.7188,24.2244,61.255,377.5634,51.8375,31.6684,0.36737,0,127.5717,1580.3757,0.46404,0.010992,0.1319,0.29312,0.069616,0.1319,0.12458,0.047632,258.2748,3.6641,44.8103,0.2345,0.30778,48.0129,44.0418,15.9871,0.19786,0.56792,363.6729,421.0945,254.8832,6.9706,4.0276,2.0825,0.78776,63.35,44.0987,42.3222,176.779,2.8238,2.5267,173.7287,0,1.2652,0.076944,20.768,16.5809,199.5219,30.6047,0.047632,0.007328,1.0181,351.4088,72.7749,588.1876,5610.5816,5.4052,105.546,0.084272,122.3384,34.2065,0,0,10.5263,1.838,14.9089,1996.0
8,8,1997.0,1.0841,1.5316,87.0047,0.46533,7.3477,0.069616,0.25648,137.6415,3.2692,0.75845,327.1096,67.2521,29.8022,1.6085,17.2889,23.1259,0.88824,58.9196,123.9835,0.38838,1.1947,0.52395,0.37542,11.256,0.23258,8.3658,2.7993,306.949,0.11725,4.9317,55.8561,0.80401,0.24915,1.4656,3.1574,521.2784,0.14656,0,0.21618,0.45067,55.4332,3510.1693,64.4965,0.084272,1.9207,0.047632,4.9162,7.0127,18.5572,24.809,4.3588,6.3102,130.725,1.8754,65.4512,0.32976,0.080608,17.2657,18.2064,107.5128,5.4157,0.30411,0.80847,18.6451,2.9802,0.5899,0,0.78281,62.7192,395.2453,0.54633,0.45434,4.7748,0.2235,4.4263,931.3242,6.2048,0,93.8209,0.61761,0.16854,1.8377,7.5019,1.2897,0.20152,1.8064,1.3484,3.9448,30.497,61.6235,2.6185,859.6862,280.7338,267.0457,68.0794,38.8043,54.8657,449.7541,10.0682,1244.7812,14.0741,155.5715,8.1195,0.029312,0,54.6707,5.5747,0.79241,8.6798,15.0987,1.7697,0.45352,45.5062,0.21837,15.1963,8.554,1.4876,1.6231,0.94718,122.0846,0.32976,0.72667,2.5862,0.087936,1.9731,1.0772,1.9969,368.6448,0.12091,7.3013,7.6884,1.6698,0.032976,29.9776,1.1702,7.4449,1.7697,0.10259,2.6411,174.494,1.8175,31.3262,3.1145,0.64606,41.0088,0.007328,65.1584,10.578,41.756,0.8647,15.2479,93.7882,0.19786,4.6301,2.5758,4.128,27.2852,70.0617,367.5083,54.7112,36.7893,0.44975,0,116.6669,1475.3602,0.48253,0.010992,0.1429,0.29312,0.047632,0.1319,0.12458,0.047632,215.8075,3.1824,48.3231,0.2748,0.2235,56.737,44.1715,16.5065,0.20518,0.53861,385.4595,445.1882,267.4201,7.5203,4.94,2.1045,1.1432,58.2512,43.0372,45.378,190.542,2.1501,2.8244,178.5939,0,0.87899,0.098928,20.5596,16.7472,212.0056,30.5565,0.05496,0.007328,1.0619,340.2427,73.1008,562.3332,5686.465,5.5137,106.6296,0.084272,133.4827,44.5169,0,0,11.3159,2.3541,13.912,1997.0
9,9,1998.0,1.0292,1.7441,106.621,0.49098,7.2684,0.076944,0.27114,139.4519,3.3972,0.80608,338.6971,66.887,31.6658,1.9896,18.3664,23.1978,1.0995,57.3964,130.209,0.37006,1.1139,0.52029,0.36835,11.2463,0.012838,10.5506,3.3416,317.359,0.12091,5.1589,53.1749,0.85894,0.24915,1.876,3.136,528.9871,0.15755,0,0.21984,0.46166,56.787,3360.4554,65.1577,0.0916,0.35541,0.047632,5.2341,6.5842,19.0119,24.294,0.24059,6.6073,125.309,1.6555,61.2191,0.38472,0.076944,17.7882,22.3135,121.4658,5.7312,0.26381,0.58617,16.9169,3.1474,0.62288,0,0.76162,59.3696,413.9057,0.64527,0.45067,4.9562,0.24182,4.9392,923.3567,6.245,0,98.6415,0.59684,0.17587,2.2231,8.6394,1.363,0.17221,1.8283,1.2348,4.7373,38.925,61.1636,2.6376,877.6981,215.9708,305.5035,72.1015,40.7083,56.0098,461.9459,9.694,1204.9935,14.2531,150.1605,9.8961,0.029312,0,51.5603,5.9145,0.82007,8.3059,16.2865,1.8027,0.48404,45.8076,0.22923,16.0306,7.6759,1.5572,1.7106,0.92294,114.2375,0.30045,0.93432,2.5451,0.0916,1.761,1.0699,2.1691,388.3569,0.12091,6.4438,7.6875,1.7576,0.029312,30.8812,1.1119,8.0361,1.8173,0.098928,2.2233,175.463,1.81,29.9306,3.3927,0.69741,37.746,0.007328,58.7695,12.5712,41.885,1.4619,16.3008,96.7407,0.19786,5.9007,2.8616,4.3839,27.6089,68.2525,339.3465,59.2676,31.7217,0.38995,0,104.0735,1458.3678,0.48152,0.010992,0.15022,0.32243,0.05496,0.16122,0.1429,0.047632,207.2401,3.3336,50.8079,0.28946,0.24182,47.4122,43.9319,16.0353,0.21618,0.51296,377.3133,378.4443,276.0648,7.7359,4.2853,2.1045,1.1615,58.7219,44.6147,49.7563,200.159,2.4967,2.4809,158.1452,0,1.29,0.087936,19.7506,17.8085,212.0403,32.0256,0.058624,0.010992,1.2088,328.5789,80.6825,567.6001,5731.0496,5.6388,118.4989,0.080608,166.8039,46.7915,0,0,12.0645,2.2785,14.1311,1998.0
10,10,1999.0,0.80951,2.9752,91.6682,0.51296,9.1302,0.080608,0.28213,147.2851,3.0495,0.80974,346.5989,65.6399,28.5698,2.0335,17.9887,25.075,1.1625,54.9023,124.7007,0.34808,1.4619,0.51296,0.37195,10.7216,0.0962,10.3333,3.1584,327.256,0.12091,3.8032,46.3801,0.91561,0.25282,1.8943,2.9969,543.73,0.1832,0,0.23083,0.47632,60.8902,3350.3401,54.7612,0.095264,0.36274,0.047632,5.4378,5.9395,20.023,24.4671,1.8029,6.8739,116.6143,1.3175,58.6355,0.38472,0.080608,17.8213,21.3644,124.4962,5.5879,0.4067,0.61545,15.9117,3.0943,0.63021,0,0.77479,58.8919,411.5442,0.5148,0.4983,4.7884,0.2748,4.311,895.8743,6.3705,0,97.9584,0.59449,0.19419,2.1711,8.8058,1.4326,0.19419,1.832,1.2714,4.6133,42.549,61.6637,2.8404,951.7487,243.9501,379.5014,71.6814,42.4395,54.756,466.4248,9.9582,1241.6115,14.2667,124.9858,10.0289,0.029312,0,53.8227,4.6485,0.84584,7.7177,16.4297,1.8247,0.39079,45.0545,0.22656,13.483,8.1278,1.5169,1.8177,0.9221,108.2914,0.42136,0.97096,2.6276,0.087936,1.898,1.0955,2.4256,390.5165,0.12458,4.6845,7.5352,1.2119,0.03664,31.9857,1.1683,8.93,1.6635,0.0916,3.1911,169.9367,2.0555,31.5377,3.5972,0.68258,39.5869,0.007328,64.0996,11.6662,42.646,1.3667,20.5566,99.3893,0.19786,5.6222,2.4439,4.3759,29.1736,68.176,329.5359,66.9064,30.7556,0.4229,0,88.0979,1486.3005,0.50262,0.010992,0.16122,0.33342,0.05496,0.16488,0.13557,0.047632,225.9855,3.6036,35.0272,0.30411,0.19419,49.2002,43.0613,15.4053,0.21618,0.49098,374.8308,410.9956,299.5403,8.5166,4.6452,2.1228,1.2384,55.8574,44.4459,51.7722,207.796,2.5172,2.4588,164.9867,0,1.8504,0.10992,22.4644,18.1187,207.8042,37.6056,0.065952,0.003664,1.2547,298.204,77.5438,561.1086,5804.6689,6.6822,121.7392,0.084272,172.5627,46.8898,0,0,13.724,1.7776,15.7278,1999.0
11,11,2000.0,0.75767,3.0045,82.221,0.52395,9.5161,0.087936,0.29312,142.3583,3.4914,2.3779,351.8196,66.1388,29.5063,2.0262,18.7941,26.5246,1.1516,54.7062,126.7202,0.39571,1.4729,0.51662,0.38288,8.6408,0.25525,13.7022,3.7776,340.183,0.12458,4.591,45.4657,1.0297,0.27114,1.9749,3.346,566.5523,0.21618,0,0.2345,0.48731,58.0955,3439.1522,56.2588,0.10259,0.56501,0.047632,5.3939,6.4633,19.6606,25.7755,4.7838,7.1203,127.1274,0.89273,54.2917,0.3664,0.10259,18.9916,20.5622,140.3497,5.671,0.61555,0.60443,15.4852,3.4629,0.68883,0,0.83318,57.0382,405.9011,0.50287,0.57158,4.6686,0.2748,4.5004,899.8521,6.1012,0,102.999,0.6675,0.19053,2.1252,9.7648,1.4912,0.14656,1.7477,1.6341,4.9293,40.2828,58.3651,2.9321,978.9192,274.7267,369.1496,71.7155,45.2485,59.5194,470.4932,10.314,1264.3746,15.2002,149.0541,10.3905,0.032976,0,53.3854,4.6025,0.9604,7.0815,15.4663,1.8503,0.42075,47.5149,0.21685,11.8764,8.7099,1.6305,1.8672,0.86549,126.203,0.45067,1.0662,2.5455,0.098928,1.9634,1.1139,2.6894,396.0664,0.12824,3.573,7.4868,1.5208,0.025648,33.199,1.3219,10.0439,1.6048,0.084272,3.0374,171.085,2.2205,32.3394,3.7213,0.69392,78.8231,0.007328,69.1649,11.9959,42.171,1.6598,21.5356,105.4198,0.20885,5.7284,2.6637,3.6061,30.1039,72.3477,317.6916,65.6978,34.0117,0.45982,0,92.3642,1471.2595,0.51513,0.010992,0.17221,0.34808,0.05496,0.14656,0.1429,0.047632,296.3638,3.9021,44.9502,0.3151,0.32976,48.3941,41.1522,15.0431,0.2235,0.47998,378.2549,440.5307,311.3846,10.1341,5.0554,2.1923,1.2091,54.7098,43.6176,50.4812,226.979,2.2339,2.5718,168.8,0,1.3314,0.095264,24.1913,19.6716,229.7906,37.4662,0.069616,0.007328,1.3609,285.3372,111.7871,567.585,6010.5084,5.268,120.994,0.084272,151.8699,52.601,0,0,14.4754,1.7841,13.8182,2000.0
12,12,2001.0,0.79796,3.2207,83.7802,0.52395,9.6709,0.095264,0.29678,134.0039,3.5327,2.4072,360.4547,70.1387,28.7913,1.9456,14.0778,31.0349,1.1862,54.7704,126.0654,0.44701,1.6891,0.52762,0.36901,8.2921,0.25992,13.2628,3.8472,346.166,0.12824,4.3895,48.9819,0.99109,0.20518,2.2497,3.3258,559.0422,0.2345,0,0.24549,0.50197,52.5583,3514.9338,55.9389,0.10626,0.76578,0.03664,5.6666,7.3976,20.7832,25.2159,4.8713,6.9943,127.0243,0.76977,55.8792,0.3664,0.10992,19.1446,22.9401,124.2937,5.8574,2.9642,0.62635,15.8663,4.2646,0.76211,0,1.0459,62.5361,410.5334,0.55822,0.6815,4.7719,0.30045,3.7323,916.6485,6.7338,0,105.3857,0.61809,0.19419,2.2584,10.2333,1.5609,0.15022,1.7441,1.4713,5.6023,37.8017,59.9682,2.8634,992.5601,303.3414,394.7594,84.556,47.6068,63.0236,470.5759,10.5764,1249.7663,15.6095,143.585,9.2368,0.029312,0,57.4854,3.8614,1.0627,7.4963,16.4066,1.876,0.44673,48.4627,0.21466,12.6271,9.2074,1.6854,1.7356,0.79066,133.9882,0.46166,1.1615,2.6652,0.10259,2.0028,1.1725,2.8616,410.6979,0.1429,3.7866,7.8699,1.6673,0.025648,36.8057,1.554,8.6815,2.0115,0.080608,3.2361,176.2106,1.8766,34.49,3.9217,0.6528,86.7187,0.007328,71.6645,11.9263,43.537,1.3484,20.1068,107.1264,0.21618,6.9531,3.206,3.6955,26.981,70.304,313.8227,65.2641,41.2135,0.52908,0,97.849,1507.7066,0.52238,0.010992,0.17587,0.35907,0.05496,0.17954,0.15389,0.051296,296.5881,4.2581,48.0989,0.34442,0.43235,49.2002,43.2453,16.2883,0.2345,0.50197,371.5167,456.2454,313.344,10.3264,5.8171,2.3628,1.0955,55.6376,45.0824,48.1399,229.927,2.2876,3.0408,180.7083,0,1.1589,0.087936,26.5694,20.5456,213.4861,38.0004,0.07328,0.010992,1.4171,303.5592,100.591,576.3135,5904.8816,5.0304,122.5864,0.087936,171.975,59.654,0.014656,0,16.0168,1.8856,12.5087,2001.0
13,13,2002.0,1.0516,3.7483,89.4069,0.53128,12.5981,0.095264,0.32976,124.3923,3.0768,2.4366,367.1129,71.943,29.6408,2.0372,15.868,31.9812,1.1996,54.5834,126.8645,0.43235,2.1101,0.55693,0.40101,8.3837,0.25059,14.1726,3.9754,347.765,0.13557,4.2539,46.1564,1.0013,0.21251,2.2057,3.3253,564.6692,0.2748,0,0.24182,0.5093,54.4709,3872.5953,55.4304,0.10626,0.57525,0.025648,6.2454,6.9579,21.8878,25.5236,4.6963,7.1836,123.9401,0.85008,55.5379,0.39938,0.10259,20.9491,24.7532,125.7824,6.0699,7.7823,0.60063,15.3489,4.4317,0.72547,0,0.87974,65.0598,406.0104,0.50589,0.68517,4.5438,0.30045,3.352,899.9714,7.2327,0,105.021,0.57972,0.20518,2.3565,10.7217,1.6232,0.15389,1.7148,1.7852,5.868,39.4851,59.0047,2.9913,1023.0272,310.8183,397.6248,86.3222,46.0808,59.3014,478.0051,10.2026,1279.1201,16.4204,161.037,7.8192,0.040304,0,57.981,4.9208,1.1658,7.5202,16.2437,1.9053,0.43569,48.1862,0.22001,12.6992,9.9836,1.5169,1.2321,0.84614,135.1182,0.59357,1.2091,2.7075,0.10992,2.0279,1.2494,2.8836,411.9677,0.13557,4.0517,8.2625,1.7662,0.047632,37.3063,1.5371,9.154,1.788,0.076944,2.5964,175.5713,2.3922,34.6595,3.9898,0.69572,94.3036,0.007328,68.6416,10.8674,42.623,1.1542,25.2349,112.9039,0.21251,5.8211,3.4845,3.8573,27.01,70.1563,306.5838,69.7487,40.7026,0.67432,0,98.0499,1495.6936,0.51887,0.010992,0.19786,0.35907,0.058624,0.18686,0.16122,0.058624,325.6979,4.4369,51.0186,0.34808,0.50197,47.0934,41.9748,16.5471,0.24549,0.58624,356.3574,476.7893,333.4471,10.948,7.4179,1.5601,1.0809,56.607,43.4675,38.4394,237.65,1.8772,3.4856,190.8104,0.16122,1.3225,0.10259,28.5912,20.5587,220.9777,39.8902,0.098928,0.010992,1.4462,295.6735,83.6982,560.066,5946.7706,4.5578,127.5183,0.084272,192.7466,68.4995,0.025648,0,15.5544,1.9609,11.8958,2002.0
14,14,2003.0,1.186,4.2319,91.0484,0.53494,8.989,0.10259,0.35174,134.631,3.4556,2.5611,373.233,77.4505,30.6236,2.0702,16.7695,33.4593,1.2453,56.105,128.2503,0.43235,2.394,0.56059,0.36043,9.9846,0.25075,14.3581,3.8252,344.645,0.14656,4.4702,50.5334,1.0745,0.16122,2.3779,3.6987,582.3436,0.30778,0,0.2235,0.74379,54.8642,4545.0139,57.0939,0.13557,0.916,0.029312,6.5825,5.1331,23.2143,25.9427,4.6994,7.5742,127.4134,1.0372,60.6263,0.42136,0.11725,21.345,26.7468,146.4627,6.4349,7.9619,0.71047,17.2347,4.8702,0.7328,0,1.037,72.6578,411.9461,0.64552,0.74013,4.6142,0.30045,3.7352,901.1519,7.4385,0,109.0898,0.64978,0.21618,2.3876,10.448,1.7001,0.19419,1.8576,1.7002,6.6169,43.2023,61.7561,2.9849,1059.6162,340.4415,413.6646,90.7854,45.6832,62.4147,495.9648,10.6671,1287.4677,16.9822,178.9622,6.5871,0.043968,0,59.6241,5.3816,1.221,7.7259,18.529,1.9309,0.46799,49.4736,0.22934,12.6926,10.4589,1.5316,1.6811,0.90337,156.5213,0.50563,1.2458,2.9793,0.10626,2.1807,1.2897,3.0594,437.7575,0.14656,4.4043,8.0079,1.8892,0.03664,36.5701,1.8555,9.7793,1.8833,0.065952,2.8104,179.0094,2.7256,36.3009,4.3352,0.75448,100.008,0.003664,70.138,11.2265,44.012,1.2787,32.0275,117.491,0.21251,6.09,3.9425,4.0315,26.2101,70.2153,319.5977,64.6544,41.3005,0.75335,0,102.5088,1525.607,0.5091,0.010992,0.19786,0.37739,0.062288,0.19786,0.15755,0.065952,326.5171,4.9275,54.7644,0.34075,0.53494,49.4384,42.3067,16.2496,0.25648,0.59357,404.1731,485.9548,337.7009,10.953,8.2846,1.5378,1.0039,57.1884,44.6519,53.5818,248.401,2.0709,3.6872,201.9926,0.16122,1.8047,0.11725,32.2509,20.9257,236.4839,44.5207,0.10259,0.010992,1.5127,307.0175,105.6187,571.4719,6011.8375,4.5269,125.936,0.084272,191.4575,76.0477,0.025648,0,17.0814,2.0744,10.6096,2003.0
15,15,2004.0,0.88917,4.1037,87.8534,0.56059,18.7006,0.12091,0.3664,157.0434,3.6912,2.6161,386.7663,77.668,32.0771,2.0482,17.8835,35.9454,1.2695,59.8006,128.7808,0.39205,2.5936,0.58258,0.29083,10.1853,0.26309,15.4625,3.8948,361.434,0.16122,4.8731,49.5851,1.1001,0.19786,2.4439,3.8513,580.7588,0.32976,0,0.21984,0.74746,59.0261,5223.7547,54.5693,0.14656,0.94898,0.051296,6.8417,7.3353,22.8915,25.2212,4.9306,7.8007,128.1692,1.1494,55.0761,0.4067,0.1429,17.3332,28.7857,149.1433,6.2538,9.9624,0.76902,17.3678,5.1586,0.74746,0,1.3409,68.9607,413.1488,0.62992,0.72547,4.6579,0.32243,4.2755,887.0891,7.1533,0,109.5467,0.63992,0.20518,2.5537,11.1803,1.7624,0.20152,1.9273,1.652,7.1942,41.5694,60.1321,3.1091,1125.4713,344.3937,441.9466,113.635,46.1658,58.6792,501.5678,10.5742,1282.8616,18.6707,188.5469,7.439,0.047632,0,63.1089,5.8079,1.2825,7.731,17.2084,1.9822,0.54647,50.6289,0.22937,13.2873,11.8289,1.7148,1.7897,0.91225,171.102,0.66685,1.407,2.8464,0.11725,2.3069,1.385,3.0888,438.8567,0.1429,4.6134,8.5707,2.0413,0.047632,42.2256,1.864,12.3701,1.9712,0.065952,2.5824,180.8963,2.5149,35.9533,4.3778,0.80925,98.6853,0.003664,71.7212,11.1056,44.357,2.1947,27.5925,129.9598,0.21618,5.711,4.4847,4.0613,31.7082,72.7715,324.4132,67.4947,42.7114,0.95198,0,101.7648,1530.6943,0.51576,0.010992,0.21251,0.40304,0.058624,0.21984,0.16488,0.07328,394.5849,5.2382,59.0096,0.37006,0.52029,46.8589,42.7872,16.68,0.2748,0.59357,449.0787,492.2492,354.6118,12.1474,10.4708,1.5558,1.0003,56.5012,45.2364,50.3847,257.883,2.5605,4.2323,217.1707,0.17587,1.7439,0.10992,32.5758,21.9266,244.4641,46.4465,0.10259,0.010992,1.6075,310.3627,111.8018,572.9037,6114.0069,5.5648,125.1182,0.058624,151.2681,87.7434,0.025648,0,18.647,2.1041,9.4286,2004.0
16,16,2005.0,1.3033,4.1989,106.4728,0.57525,19.006,0.12824,0.37373,161.4342,4.3762,2.7187,387.6016,79.068,34.2864,1.9053,19.8041,37.6766,1.3192,61.1266,125.6408,0.42136,2.4897,0.58258,0.37847,11.176,0.26076,16.046,4.0927,364.371,0.17954,4.8695,50.6563,1.1221,0.15389,2.7736,3.5913,575.8524,0.43968,0,0.21618,0.76578,60.9265,5876.5553,60.0596,0.1429,0.99609,0.062288,6.7234,7.4965,23.3455,24.4421,4.8869,7.955,125.6786,1.445,51.5065,0.41403,0.1429,17.9405,29.9695,165.0437,6.2977,8.0388,0.76895,17.1562,4.9561,0.72181,0,1.0823,57.0473,415.5175,0.59465,0.7841,4.8589,0.3261,5.0176,866.6972,6.8029,0,113.931,0.64409,0.21618,2.3827,12.1093,1.8247,0.21251,1.6195,1.7243,6.8309,43.7306,60.2778,2.9764,1185.9534,348.9887,463.4994,112.7643,48.1558,56.5241,502.2595,10.4165,1290.3711,20.4368,201.7997,8.3384,0.058624,0,71.1658,5.5146,1.337,7.8106,16.6502,2.0115,0.65424,56.9886,0.22895,14.1174,12.087,1.8283,1.7266,0.90484,181.3328,0.6009,1.4546,2.6543,0.11358,2.441,1.4363,3.2939,463.9932,0.12091,4.9375,8.5737,1.7508,0.040304,44.6608,1.7697,11.5286,2.312,0.062288,2.9868,176.9224,2.8097,37.5535,4.2701,0.70863,105.7578,0.003664,74.9195,11.1789,43.382,2.7407,29.4674,134.7566,0.21984,6.9713,4.3821,3.7799,36.9342,73.2722,323.3848,69.7132,50.6901,0.91201,0,100.2592,1547.5991,0.51422,0.010992,0.19786,0.38838,0.062288,0.21984,0.16854,0.076944,395.8548,5.5389,51.6341,0.38106,0.42502,36.4678,42.7926,16.9048,0.28213,0.59357,415.9246,499.5644,369.6813,11.9352,10.0281,1.5885,1.0149,53.8844,45.7882,49.8816,266.46,2.4395,5.3595,222.99,0.17587,1.7216,0.11358,37.9441,22.2688,264.2008,48.2327,0.12091,0.007328,2.0179,313.1181,114.4777,569.9621,6134.5215,5.7267,116.5762,0.058624,163.823,94.6939,0.029312,0,19.7944,2.2425,10.6985,2005.0
17,17,2006.0,1.6354,3.8435,100.2029,0.54594,22.1017,0.1429,0.38472,174.609,4.4016,2.715,397.2947,76.7965,39.1086,1.854,19.4211,41.6892,1.3428,63.9341,123.884,0.44334,3.3511,0.65219,0.37439,11.5477,0.27176,17.3868,4.133,368.871,0.1832,4.7376,51.8942,1.3565,0.1832,2.9972,3.7525,571.4098,0.47266,0,0.22717,0.79142,63.9493,6488.8038,62.0045,0.16488,1.1275,0.05496,7.0067,6.8114,23.5542,24.693,5.0931,8.1826,126.4935,1.5522,59.4288,0.41037,0.1429,19.1119,28.8946,176.0191,6.7178,7.1082,0.54895,16.5023,5.3182,0.67784,0,1.2027,68.3891,405.7613,0.50751,0.78043,4.1435,0.35174,6.0967,878.3204,9.1595,0,112.4724,0.66225,0.23083,2.3362,12.1766,1.8906,0.21618,1.5096,1.752,7.6765,41.9148,59.6416,3.1529,1259.7443,346.7056,503.6362,97.9649,47.604,62.149,496.8919,11.5772,1267.3619,20.5264,221.1301,9.3357,0.065952,0,73.3897,5.4191,1.7573,8.31,14.7924,2.0372,0.67273,53.2558,0.23107,14.4341,11.9198,1.6195,1.6674,0.91669,178.7853,0.75845,1.5352,2.6659,0.12091,2.3782,1.4216,3.6274,476.5652,0.12091,5.0297,9.4058,2.0628,0.040304,46.2494,1.9156,12.7791,2.3376,0.043968,2.4565,172.0983,2.7066,37.5434,4.4181,0.68752,97.8089,0.003664,76.1722,10.8344,43.972,2.2644,39.0467,143.7264,0.22717,7.524,4.3052,3.9087,28.4317,66.5236,337.2896,64.9266,63.1968,0.99867,0,103.1932,1606.5419,0.51442,0.010992,0.20152,0.41037,0.065952,0.21618,0.17221,0.084272,431.292,4.4224,60.8383,0.38472,0.57891,43.0447,42.5573,17.1505,0.28946,0.59357,446.6226,504.5057,360.7026,11.7925,10.9837,1.7386,1.0149,53.7026,45.3735,52.8415,276.159,2.6552,5.8799,226.3306,0.17954,1.5005,0.12824,42.4144,22.6018,281.6492,49.3727,0.1429,0.010992,2.3834,332.6703,121.7375,567.5719,6051.668,6.5971,119.3649,0.047632,160.1602,98.6257,0.029312,0,21.0849,2.2311,10.3655,2006.0
18,18,2007.0,2.2686,3.8289,108.4019,0.53861,24.9773,0.15022,0.4067,174.2458,5.1002,2.8213,401.9255,74.097,30.4591,1.8723,26.7711,42.6421,1.3628,63.3029,120.4795,0.47632,3.931,0.72914,0.37339,12.6625,0.30594,17.4743,4.2283,390.573,0.18686,8.31,55.7404,1.5908,0.20152,3.4711,5.7031,594.6654,0.50563,0,0.23083,0.85371,70.6832,6978.612,60.1788,0.10626,1.2112,0.051296,7.9607,6.5366,24.8663,24.2403,5.7336,8.5016,128.3072,1.6965,54.656,0.46166,0.1832,19.9929,33.6855,185.9073,6.8456,5.5839,0.56336,20.0217,5.8396,0.68883,0,1.1404,66.7654,395.4277,0.60047,0.76944,4.0896,0.35174,6.3654,851.6243,9.6188,0,114.5923,0.65316,0.23816,2.4882,12.1449,1.9676,0.23083,1.7807,1.7724,8.2057,43.5724,58.5536,3.4961,1358.1522,388.2552,512.6595,61.1694,47.6637,62.7999,490.6026,10.7492,1303.1342,21.4365,227.5496,9.5407,0.058624,0,74.8753,6.5189,1.8354,8.6372,13.7461,2.0738,0.62879,49.9774,0.20074,15.8241,11.317,1.363,1.724,0.96942,182.4554,0.78043,1.788,2.7384,0.12458,2.1469,1.6378,3.686,479.7868,0.1319,4.9786,12.0787,2.0555,0.040304,48.9127,2.1889,12.7943,2.3596,0.043968,2.5703,171.8811,2.9268,36.6573,4.5507,0.71599,94.2698,0.003664,63.4784,9.3835,45.714,2.323,43.9696,155.8456,0.25282,7.3496,6.1152,4.0416,34.6691,70.763,336.7056,62.4472,62.9006,1.1732,0,101.3603,1604.5494,0.54218,0.010992,0.21618,0.42502,0.065952,0.2345,0.17954,0.084272,386.5071,4.8625,59.5544,0.40304,0.48731,47.5184,40.9763,17.3152,0.30045,0.60822,464.8003,522.9063,368.546,12.1519,12.9047,1.7564,1.0406,52.9702,43.3681,65.719,279.8,3.2271,5.7098,229.4101,0.1832,1.5168,0.11358,45.2346,23.6843,312.7367,55.8901,0.16488,0.010992,2.71,336.364,133.264,559.2364,6131.0042,5.9475,119.1132,0.098928,149.9241,100.362,0.029312,0,20.7191,2.2943,9.8352,2007.0
19,19,2008.0,4.1995,4.2722,109.032,0.53861,25.4863,0.15022,0.4177,188.106,5.5748,2.6564,409.653,73.4723,35.4498,1.9163,29.6813,45.3009,1.6123,65.4393,120.1812,0.43602,3.919,0.64853,0.40148,13.5537,0.29427,19.9586,4.5031,412.638,0.19053,8.9915,54.0791,1.7335,0.20885,3.8814,5.426,579.3671,0.46899,0,0.16488,0.92699,70.7952,7496.8322,66.6501,0.10992,1.33,0.051296,7.9899,6.5915,23.5987,28.1083,5.5149,8.7141,122.9951,1.8105,51.2198,0.4983,0.16488,20.3318,29.5731,194.764,6.4047,6.1189,0.40936,17.8754,6.4176,0.63021,0,0.87902,58.6166,387.9918,0.5816,0.79509,4.1628,0.3664,5.3088,854.9271,8.9254,0,111.1252,0.67776,0.25282,2.4394,10.8932,1.9969,0.22717,1.7074,1.7606,8.4376,42.7906,57.2481,3.8114,1462.8146,366.2933,534.6441,91.8034,47.3667,67.9802,478.9028,10.7796,1232.3137,20.718,228.6701,9.911,0.065952,7.3866,82.2973,7.547,2.1313,8.198,17.4178,2.1251,0.53446,53.5907,0.21947,15.2025,11.1837,1.1322,1.78,1.0874,201.9852,0.84272,1.9566,2.7471,0.12824,2.159,1.7734,3.7666,492.9797,0.10992,5.1904,12.0167,2.6051,0.047632,51.3691,2.1799,9.7223,3.3342,0.043968,3.3518,174.862,2.848,37.7133,4.3655,0.80197,94.7722,0.007328,70.3295,9.2956,44.837,2.0518,42.1101,155.3563,0.20518,7.3346,4.7925,4.278,40.8103,77.3005,330.454,60.1228,64.2566,1.2391,0,98.5803,1636.9231,0.52782,0.010992,0.21618,0.42502,0.065952,0.21984,0.16122,0.084272,432.3364,4.7403,51.7782,0.41403,0.50563,57.5724,41.373,18.2499,0.30778,0.6009,494.6423,534.0249,336.7675,11.9873,13.6341,1.9352,1.0223,50.8868,44.714,66.8767,266.595,2.896,5.9149,226.8735,0.20152,1.5228,0.12091,44.0957,24.3332,309.3212,56.6669,0.17221,0.010992,2.7796,325.5327,153.9697,544.4981,5914.0778,8.2016,123.0388,0.095264,168.6902,113.3269,0.021984,0,22.0253,2.553,7.72,2008.0
20,20,2009.0,6.74,4.2539,120.1848,0.51662,27.565,0.14656,0.44334,178.9492,4.3633,2.6271,401.3213,67.2908,31.8564,1.9492,28.0981,49.1481,1.5971,61.0446,107.7118,0.51662,4.2245,0.47632,0.36915,14.2294,0.3011,20.5371,3.8554,389.775,0.19053,7.7457,45.8147,1.829,0.16854,4.5571,6.594,546.6104,0.52029,0,0.16122,0.94165,65.9005,7886.5328,72.5567,0.13557,1.7241,0.047632,7.7478,5.5143,21.8085,28.3963,5.643,8.4686,115.2388,1.694,48.816,0.458,0.16122,19.7807,32.5032,203.1697,6.3125,5.4081,0.49731,14.4889,6.4534,0.57525,0,0.77845,55.9365,368.6312,0.76592,0.79875,4.2328,0.38106,6.1356,790.2947,7.4976,0,104.3548,0.59295,0.25282,2.3792,11.442,2.1105,0.2345,1.9089,1.8883,7.9391,41.5794,51.4707,3.7277,1612.8166,401.9573,559.0249,102.9689,42.1803,63.8609,424.7389,7.9338,1163.2129,21.3367,223.1101,11.9665,0.05496,8.1304,86.955,6.7366,2.6675,7.4561,20.9576,2.2167,0.47435,53.1214,0.20533,13.0423,10.6383,1.8906,1.7064,1.093,200.7129,0.88302,1.887,2.5326,0.1319,2.2978,1.9602,3.708,475.9031,0.14656,4.5395,13.074,1.6818,0.043968,50.8597,2.439,10.1558,3.0558,0.040304,4.1294,169.5386,2.9326,34.8825,4.4451,0.96149,74.8851,0.003664,53.5666,8.5921,43.268,2.0885,40.6539,155.2208,0.19786,8.4607,5.0893,4.5315,51.3176,76.4918,316.8403,57.2236,68.5968,1.2907,0,81.5542,1528.9611,0.55826,0.010992,0.2235,0.42502,0.065952,0.27846,0.16854,0.0916,465.8443,5.2577,45.8951,0.43968,0.50197,90.0978,37.6349,16.1768,0.31877,0.59723,502.2594,539.23,297.3851,12.9446,14.1889,1.9944,1.0589,47.2522,43.5345,61.5623,252.506,2.444,5.7708,242.2737,0.22717,2.7408,0.1319,44.2203,24.3215,315.3596,50.1696,0.17954,0.010992,2.9998,277.2935,165.4997,493.8949,5478.2097,7.9468,106.2518,0.12091,169.5729,123.4429,0.029312,0,24.2514,2.9403,5.4763,2009.0
21,21,2010.0,8.3978,4.4481,117.813,0.51662,28.8645,0.15022,0.45434,186.7331,4.2527,2.5062,404.5332,72.0003,30.6329,1.9016,29.0754,53.9916,1.464,62.7748,114.5437,0.53861,4.6794,0.60822,0.46472,15.426,0.2074,21.1457,4.5373,440.269,0.19786,8.0608,47.8607,2.0364,0.29678,5.1004,6.662,558.804,0.55693,0,0.16854,0.99661,71.311,8616.6527,76.2784,0.16122,1.9618,0.058624,7.4926,6.0639,21.0192,34.1998,3.887,8.0996,117.6034,1.9619,49.1705,0.51662,0.17221,20.5535,34.8256,200.8415,6.3186,6.804,0.49734,18.9953,6.3369,0.63021,0,1.2017,64.1034,376.5757,0.71222,0.80242,4.7832,0.43235,6.208,832.9491,9.7096,0,97.3614,0.67883,0.26014,2.5051,11.0977,2.4842,0.23816,1.887,2.1368,7.8904,40.0629,52.0688,3.6246,1677.8876,451.9315,569.772,110.0658,41.7939,68.2869,436.1537,7.6773,1214.8162,20.6153,249.0669,11.7448,0.058624,8.3722,89.2723,6.314,3.0045,8.5542,19.9966,2.2753,0.76056,60.6528,0.19078,13.9451,11.2073,1.2348,1.8718,1.0251,215.9352,0.93432,2.0885,2.5795,0.13557,2.2963,1.9602,3.9132,463.7825,0.10259,4.8309,13.82,2.4219,0.062288,54.3652,2.6345,13.0827,3.0851,0.043968,4.8243,181.5376,3.5566,35.0313,4.4678,1.1702,112.3142,0.003664,50.0228,8.5005,45.697,2.0335,46.915,154.1453,0.20885,9.0721,4.6606,5.0218,57.1734,82.9527,334.8875,53.0168,71.9202,1.3133,0,77.9434,1613.113,0.5734,0.010992,0.21984,0.48731,0.065952,0.21984,0.1832,0.098928,517.7159,6.8624,45.6964,0.44334,0.54227,56.6198,38.4117,16.4318,0.32976,0.61189,466.93,595.5899,283.8727,13.051,14.3976,2.3957,0.99661,53.1264,45.0494,60.7165,270.148,2.5364,6.9267,255.4049,0.2345,2.5957,0.11725,46.9574,27.1012,314.38,57.11,0.1832,0.010992,3.5696,294.0783,180.6217,511.6316,5675.7864,6.298,103.336,0.12091,184.0841,138.5851,0.029312,0,23.1506,3.1203,7.8783,2010.0
22,22,2011.0,12.1058,5.0307,119.8075,0.49098,30.3297,0.1429,0.44334,190.2738,4.9689,2.4988,405.3439,69.8887,32.9757,2.1141,28.4676,56.5563,1.5165,61.6289,105.0257,0.55326,4.4797,0.44334,0.66743,16.9924,0.26459,23.7613,4.0288,462.58,0.20152,9.5447,53.1764,2.1309,0.35414,5.1941,6.5208,569.8702,0.61555,0,0.18686,1.1183,78.0644,9528.5557,76.0798,0.1429,2.2398,0.065952,7.3108,6.3424,20.652,29.4311,4.9587,7.786,115.1676,2.4395,44.2152,0.47266,0.15389,21.3179,37.3984,213.0266,6.4994,9.4641,0.55583,19.0909,7.4025,0.56792,0,1.0682,56.6666,353.7349,0.71428,0.78776,4.9302,0.44701,7.8045,809.2169,11.226,0,94.5496,0.72533,0.25282,2.5123,11.2373,2.5941,0.24182,1.9602,2.2729,8.7357,43.1497,50.1913,3.5013,1780.13,504.762,577.3363,135.2741,38.0973,68.5947,424.2775,8.2556,1264.8661,21.2438,239.6601,12.9282,0.05496,8.31,86.2627,7.5535,3.1701,7.8107,20.2641,3.0631,0.85172,49.2124,0.17674,14.2928,11.1024,1.4563,2.3811,1.1402,216.9935,0.98562,2.279,2.5768,0.13923,2.3029,2.1105,3.9168,484.1648,0.11725,4.945,21.4265,2.4072,0.040304,54.8676,3.1066,15.0683,2.7821,0.040304,5.2204,168.2713,3.5397,34.497,4.8059,1.3223,129.5687,0.007328,36.1859,9.1966,44.817,2.246,53.4758,154.6596,0.21618,9.9529,5.2249,5.1987,48.9241,83.7425,334.3058,51.8147,79.6477,1.2812,0,86.0475,1665.2068,0.64702,0.010992,0.23083,0.48731,0.065952,0.21618,0.19053,0.098928,497.659,7.8188,48.9571,0.4067,0.71082,30.272,37.9995,16.3336,0.34442,0.61189,473.949,624.5503,284.7295,14.8862,14.0169,2.1798,1.0076,49.2573,40.9854,57.7847,276.283,2.3407,7.7515,253.6122,0.24549,2.5039,0.10259,46.6801,25.526,339.4823,62.1829,0.1832,0.010992,3.8241,307.9528,192.9913,469.4537,5540.1735,7.6526,112.7046,0.1319,175.945,151.2306,0.025648,0,20.1902,3.3724,9.744,2011.0
23,23,2012.0,10.2185,4.6679,128.1106,0.48731,33.8006,0.1429,0.458,191.7148,5.7483,1.3484,402.6658,67.2633,35.0484,2.312,27.0189,60.6913,1.4591,62.6742,102.3859,0.45067,4.4025,0.3664,0.77272,17.7789,0.31144,22.1342,5.0767,498.309,0.20152,9.4935,48.3407,2.6189,0.37917,5.4514,6.1594,569.2627,0.50197,0,0.19053,0.61412,79.6836,9775.6218,79.7272,0.15389,2.9445,0.069616,7.2601,8.3393,19.0885,29.742,5.8368,7.2617,111.2894,2.3563,39.8402,0.48731,0.16488,21.2548,37.154,208.7183,6.4719,9.1747,0.60456,17.8463,8.1087,0.5899,0,1.0422,51.2293,355.9315,0.70643,0.7731,5.0339,0.45434,8.2518,813.9847,14.3153,0,91.4305,0.57847,0.27114,2.4847,11.5578,2.4219,0.24549,1.9602,2.2642,9.0937,42.7421,46.7575,3.4968,1963.586,521.5279,602.7383,152.8148,38.242,74.7846,403.4472,7.9128,1306.0098,23.8138,245.8365,11.988,0.051296,7.8739,100.074,9.9984,3.398,7.5194,22.332,3.0924,0.96265,51.6467,0.18527,14.3453,10.8662,1.2908,2.748,1.1321,215.213,1.1102,2.4366,2.7605,0.13557,2.2776,2.3303,3.9644,496.2996,0.12458,4.7657,35.0309,2.2131,0.043968,56.9535,2.9809,11.8929,3.3551,0.043968,5.4703,164.7004,3.6379,36.1379,4.5461,1.7544,116.3308,0.007328,37.5651,8.735,44.342,2.1984,58.9681,153.8762,0.2235,9.7681,4.9757,5.1733,54.041,88.4082,326.7021,49.9793,92.3035,1.33,0,83.8823,1680.1044,0.71846,0.010992,0.21984,0.49098,0.065952,0.23083,0.18686,0.11725,563.1795,7.3621,43.7245,0.42502,0.83173,48.145,35.9212,15.7368,0.34808,0.60822,461.139,628.9359,278.9639,15.7981,14.5387,2.635,1.1688,46.7739,42.2546,47.2308,272.756,2.9334,9.0619,270.2679,0.29312,2.2156,0.10626,45.5558,26.3059,353.6662,64.5339,0.1832,0.010992,3.627,303.9764,201.5481,487.5166,5338.6983,8.5918,114.8911,0.11358,182.2244,142.552,0.025648,0,18.2683,4.1658,7.8829,2012.0
24,24,2013.0,8.4408,4.9281,132.435,0.47632,33.2286,0.11725,0.46166,190.1334,5.535,0.86104,393.1706,67.7586,35.2147,2.704,30.9995,61.7817,1.4372,63.2373,102.6525,0.43968,4.566,0.53494,0.85278,19.0939,0.32243,21.801,5.6631,532.418,0.20152,7.6284,42.6804,2.8638,0.398,5.5781,5.0704,573.6987,0.49464,0,0.11725,0.6563,81.8109,9952.7438,87.4279,0.1832,3.208,0.069616,7.6315,9.5264,18.4356,28.024,5.5033,6.5815,106.5258,3.5375,41.7459,0.55669,0.16854,21.267,39.3623,206.9492,6.0945,11.5782,0.62081,19.7379,9.781,0.64853,0,1.0988,51.7281,357.5369,0.69234,0.78776,5.2691,0.43235,8.0093,831.4538,14.1799,0,81.7361,0.56122,0.30411,2.4351,12.7836,2.1105,0.24549,1.9053,2.7062,9.2401,44.3069,43.5902,3.4827,2036.9371,496.0744,610.21,163.677,37.2918,63.1317,369.8343,8.4922,1315.3427,23.8132,253.7288,12.7701,0.051296,8.0058,81.7041,9.6583,4.2612,7.3684,22.1634,2.334,0.87793,41.9141,0.1925,13.3548,10.3206,1.2037,3.2148,1.1631,242.4874,1.0919,2.7434,2.4443,0.13923,2.2322,2.0445,4.067,490.1297,0.13557,4.8994,43.5588,2.1508,0.051296,56.6064,3.5755,12.9375,2.5677,0.047632,6.2178,164.6846,3.8487,35.3047,4.6164,1.8909,122.0982,0.007328,27.0136,7.7713,44.639,2.4366,61.278,150.4507,0.22717,10.5133,5.3311,5.1721,43.0625,95.7941,322.6144,48.1815,82.6968,1.4436,0,74.7499,1619.4197,0.78227,0.010992,0.2235,0.48731,0.065952,0.21984,0.19419,0.12091,540.8052,7.8527,44.5458,0.41403,1.0076,54.3664,35.5072,15.1064,0.37373,0.63021,455.8659,635.7915,252.7261,14.6791,16.1755,2.7443,1.3996,45.206,43.1857,34.2337,273.797,2.9069,9.9086,287.5977,0.54227,1.6426,0.11358,45.2359,26.8643,345.2206,66.3753,0.18686,0.010992,3.7545,297.2496,205.3904,477.3875,5474.2568,7.4924,109.4732,0.10626,207.4249,149.2201,0.021984,0,24.9763,4.4162,11.8363,2013.0
25,25,2014.0,7.7743,5.6206,142.5287,0.46166,33.2963,0.13923,0.46166,188.6571,5.6041,0.87203,399.2537,64.1609,36.9746,2.4292,30.8176,65.9786,1.2612,62.6088,96.8677,0.46899,4.796,0.67051,0.94848,20.7167,0.32243,19.3118,6.8502,557.901,0.21251,8.9255,45.2169,2.9115,0.37492,6.4938,6.8498,570.5634,0.48731,0,0.12458,0.98983,77.5738,9985.5834,88.6991,0.16122,3.1023,0.069616,7.7483,9.7389,17.6822,27.4418,6.4083,6.9497,104.0949,4.6309,37.5434,0.38831,0.17587,21.8006,43.2069,221.668,6.1512,11.1789,0.6314,18.8852,12.0165,0.59723,0,1.2442,47.6447,325.8857,0.69131,0.76944,5.3165,0.51296,8.9344,792.5878,14.7546,0,78.6621,0.52084,0.2345,2.4315,13.7852,2.1654,0.26014,1.972,2.7046,9.309,45.4918,43.6781,3.4593,2185.8559,498.9732,641.8421,165.1508,36.909,60.3518,349.5818,7.6975,1263.7288,25.895,279.0321,13.773,0.058624,7.1265,75.4817,10.0954,4.4497,7.1719,23.992,2.4732,1.1915,71.3905,0.16118,13.1067,9.836,1.5081,3.1615,1.0206,244.8326,1.3154,3.099,2.4484,0.1429,2.2289,2.4988,4.2063,481.1288,0.13557,4.7588,29.586,2.1068,0.047632,57.1749,7.8992,16.1698,3.678,0.051296,7.5913,157.6632,4.8733,35.5314,4.7561,2.0746,127.8228,0.010992,30.5455,7.4599,45.078,2.8359,60.6764,156.2431,0.21984,10.8554,6.0493,5.4582,49.4337,101.1839,310.2801,47.9619,90.4186,1.5242,0,75.5945,1622.5886,0.82716,0.010992,0.23083,0.48365,0.065952,0.25282,0.20152,0.11725,609.2056,8.7244,37.1891,0.46166,1.1102,55.2092,33.5911,13.5405,0.32976,0.63021,480.6279,630.5946,255.0679,17.691,16.6448,2.8086,0.76944,43.3359,39.2312,30.8412,276.311,4.6001,9.9004,282.6484,0.60822,1.5419,0.11358,46.3444,27.8935,361.6755,68.0333,0.19786,0.007328,4.0897,257.5086,201.9271,438.541,5522.8072,6.6843,104.953,0.15389,186.7082,169.0062,0.021984,0,24.2157,4.8766,11.9057,2014.0
26,26,2015.0,7.9041,4.4957,149.6829,0.46533,33.6212,0.15389,0.47998,192.406,5.4693,0.89768,403.2794,66.3516,36.9888,2.1361,32.4701,73.2772,1.2614,58.0375,101.0555,0.6412,5.3256,0.53861,0.96504,21.2777,0.3261,18.4605,5.4249,529.353,0.21251,6.9543,48.2756,3.2969,0.39087,8.5265,7.7462,573.0614,0.49098,0,0.17954,0.69671,81.8245,9848.4197,91.9654,0.17954,3.4516,0.069616,7.406,9.4055,17.8172,29.311,6.925,6.9704,104.8646,2.7927,35.2037,0.44714,0.17587,23.4946,40.7594,219.1674,6.6753,10.8344,0.63443,15.8594,12.6936,0.60822,0,1.2943,44.1263,329.9104,0.70236,0.7841,5.2694,0.52395,9.747,795.6102,16.1145,0,74.9611,0.52382,0.26014,2.4704,15.8224,2.4512,0.27846,2.0033,2.6607,9.802,42.3921,46.6148,3.5362,2268.5675,551.4753,628.6262,165.6465,38.6878,62.9749,361.3025,7.9954,1223.3964,25.5562,288.5824,16.3012,0.05496,8.3393,91.349,10.2789,9.2324,7.2621,25.7346,2.2424,1.2037,58.1835,0.15962,13.3195,9.348,2.028,3.2311,1.1198,231.8439,1.3117,3.2706,1.741,0.1429,2.2645,2.9239,4.2099,481.9746,0.1429,4.7818,23.2431,2.2387,0.058624,58.5475,6.304,22.1087,3.8513,0.05496,6.8167,164.1999,4.7364,36.0713,5.4303,2.035,113.47,0.007328,24.6214,7.0239,45.616,3.0045,61.8564,169.2518,0.20518,10.8776,6.3643,6.051,49.0668,112.1424,313.4191,52.2899,90.1374,1.9126,0,76.3615,1623.0998,0.91915,0.010992,0.2345,0.47998,0.065952,0.2345,0.22717,0.12091,674.8782,9.8454,43.7461,0.47998,0.8757,62.1304,34.4106,13.6228,0.29312,0.63021,450.5715,635.2136,271.6942,19.8303,20.1626,2.7024,0.86837,43.6026,38.731,28.1628,275.836,5.3023,10.6386,285.6876,0.6009,1.8657,0.12091,45.1217,29.2718,381.3319,70.2305,0.20518,0.007328,4.5256,223.8221,216.5831,422.3401,5371.7706,6.7255,101.4121,0.1319,180.1242,193.0037,0.021984,0,12.8063,5.098,12.2258,2015.0
27,27,2016.0,6.7446,4.4921,148.9287,0.46899,31.4038,0.15389,0.49098,190.9772,5.203,0.88302,415.9452,67.2155,37.0547,1.9786,31.3728,76.4771,1.2834,59.8514,99.8721,0.62288,6.6003,0.61922,1.1563,22.7955,0.33709,21.734,6.3335,492.748,0.21251,7.5441,45.5024,3.3809,0.46744,10.5333,7.8152,559.567,0.53861,0,0.19786,1.0129,84.392,9720.4441,93.242,0.21618,3.7024,0.069616,7.9229,11.7981,18.0831,28.1776,5.8001,7.373,106.6854,2.0141,37.0114,0.39951,0.17954,24.6446,39.504,234.1226,6.6458,11.3877,0.64542,17.5673,14.3474,0.63021,0,1.2597,47.2292,333.5787,0.71836,0.75845,5.4411,0.53128,10.0662,800.6866,16.5471,0,71.3727,0.52492,0.26747,2.5266,16.913,2.7443,0.30411,2.3451,2.9831,9.293,43.3887,47.072,3.4874,2382.2232,560.846,637.3615,194.3614,40.1558,61.2191,358.0607,8.1634,1203.7179,24.3456,288.6858,17.156,0.05496,8.8596,100.8587,9.6462,14.8057,7.2103,26.5008,2.2131,1.3575,53.4851,0.14955,13.3511,9.0927,1.7697,3.2532,1.3064,250.5606,1.4363,3.3292,1.4054,0.1429,2.3161,2.5355,4.3455,482.7981,0.1429,4.9037,25.3267,2.0152,0.029312,58.4575,8.1549,25.4372,4.0512,0.051296,9.76,164.9252,5.3152,34.3047,5.3827,2.0643,115.8212,0.007328,29.4124,6.9872,44.8,3.2316,60.3104,207.0186,0.21251,10.5552,6.6355,7.1828,52.7195,122.2373,324.3417,50.4583,88.9065,1.7038,0,74.1522,1618.5989,1.0364,0.014656,0.23816,0.48731,0.065952,0.24182,0.23816,0.12458,639.0565,10.0157,45.0345,0.53494,0.90501,40.2747,34.8559,14.4253,0.28946,0.63754,464.7691,639.2586,260.758,23.0271,19.3113,2.2759,1.0552,43.262,39.1925,29.0794,279.705,6.4399,10.8731,283.4345,0.49464,2.3064,0.12824,40.0522,29.0078,401.2397,70.1639,0.21618,0.007328,4.7903,234.006,214.6668,399.3374,5248.0239,6.5204,108.1687,0.14656,169.4769,192.7656,0.025648,0,10.4269,5.6591,10.7376,2016.0
28,28,2017.0,6.8598,5.3018,154.9356,0.46533,28.4204,0.1429,0.49098,187.8047,5.5366,0.89035,414.7512,69.5989,36.7299,2.0958,32.5912,80.9435,1.1698,60.1157,99.4481,0.61555,6.9377,0.63021,1.2388,23.5618,0.34808,21.8191,7.059,500.7577,0.16854,9.552,47.5823,3.9378,0.5304,12.8749,7.6985,569.3604,0.57891,0,0.21618,1.0359,84.046,9920.4592,86.2958,0.26747,3.5652,0.076944,8.3116,11.8604,18.7181,25.2076,4.4261,7.5231,107.6128,2.4739,34.7431,0.40338,0.16122,24.0169,39.276,250.6048,6.0158,12.2854,0.70425,18.7885,15.2379,0.70715,0,1.3619,44.6521,336.9956,0.70507,0.76578,4.5982,0.53494,10.1795,785.8829,13.7395,0,74.8551,0.542,0.27846,2.4799,17.2919,3.239,0.30411,2.3195,3.104,8.8572,42.5533,49.4523,3.6049,2433.8558,575.1758,712.2561,211.7031,39.1334,58.8732,352.8499,7.7975,1188.1228,25.5613,307.9089,16.3223,0.065952,8.0938,95.1446,9.3481,18.6613,7.2149,27.9769,2.4549,1.2316,54.3987,0.15528,13.5718,9.2613,1.9199,4.1221,1.3642,250.5613,1.5132,3.5344,1.5594,0.14656,2.2732,3.5687,4.536,459.8492,0.1429,5.2205,34.2648,2.1031,0.029312,61.6286,8.3229,24.7677,4.2162,0.05496,11.6475,162.6101,5.3452,35.8548,5.5042,2.0057,114.0434,0.007328,21.7688,7.5039,44.372,3.2683,65.9056,233.9776,0.21618,11.212,6.3754,8.0732,53.7221,134.9018,337.6828,55.2307,99.7572,1.4546,0,77.2031,1646.457,1.0505,0.010992,0.24182,0.50563,0.065952,0.21618,0.24549,0.12824,639.378,10.7458,45.5259,0.55693,0.91234,39.0656,36.0306,14.5919,0.28579,0.63754,464.1987,655.7471,274.642,23.0305,21.7149,2.4741,0.98562,42.5937,38.1825,32.0509,284.812,7.865,11.4067,285.9596,0.4983,2.2101,0.15755,39.9482,29.2315,425.3292,70.2314,0.23083,0.007328,5.3735,223.085,168.8313,387.5652,5207.7513,6.1626,107.1532,0.13923,161.5355,195.2493,0.025648,0,9.951,6.5172,9.5816,2017.0
29,29,2018.0,8.3448,4.7339,161.4865,0.49464,24.3758,0.1429,0.4983,181.0996,5.8258,0.87203,416.0012,66.5654,36.8473,2.7004,32.6095,82.5999,1.2355,60.9618,100.2272,0.60456,7.2546,0.71082,1.4359,23.8558,0.34808,22.075,7.5614,483.6853,0.16122,9.5924,43.6375,4.3007,0.67932,12.8786,7.932,579.4704,0.59723,0,0.21984,1.0443,84.4093,10289.9895,84.8805,0.29312,3.6225,0.076944,8.2222,10.2519,17.6982,22.6085,3.8289,7.3403,106.1316,2.7797,34.6724,0.38873,0.16122,25.6981,37.9194,227.7215,6.3712,11.2118,0.80466,17.9445,16.1492,0.72547,0,1.3516,45.849,322.3719,0.69876,0.80242,4.7589,0.54227,10.1046,754.1116,16.6826,0,71.8075,0.54802,0.30778,2.4577,18.6464,3.686,0.31144,2.481,3.3678,10.05,42.738,49.408,3.6634,2599.8057,614.8843,707.1574,211.3257,39.1952,60.5461,349.0204,8.0388,1143.4579,25.2596,317.2797,18.0165,0.065952,8.1487,95.5753,11.6977,19.524,7.8594,26.5512,2.5831,1.0853,53.3615,0.14231,13.6962,9.5684,1.2164,4.1667,1.5702,272.2294,1.7404,3.6596,1.5383,0.14656,2.2529,3.6677,4.514,455.3079,0.1429,5.4329,47.5372,2.3999,0.029312,62.2951,6.8913,32.68,4.0769,0.05496,13.69,159.02,5.7853,35.7892,5.2809,1.8631,127.9282,0.010992,17.6738,7.0239,44.469,2.9568,60.617,238.3059,0.21251,10.7307,6.4083,8.5092,54.6491,140.6582,336.9923,51.4924,106.927,1.3374,0,77.6088,1691.6467,1.142,0.010992,0.24549,0.5093,0.058624,0.24182,0.23816,0.1319,621.9527,11.3304,44.261,0.55693,0.95264,46.0015,36.0295,14.4935,0.28946,0.63754,464.1926,671.6307,269.7134,20.9984,21.18,2.5143,1.0332,42.0954,36.8676,30.3655,282.843,9.1076,11.7908,276.177,0.5093,2.29,0.13923,40.4754,29.3628,419.4369,70.447,0.2345,0.007328,5.4984,232.0329,154.2036,381.8897,5375.4906,6.571,114.7322,0.17587,120.1767,223.7178,0.025648,0,9.9837,7.3131,11.8544,2018.0
30,30,2019.0,12.1467,4.8635,166.6419,0.50185,23.4868,0.13947,0.48637,167.5656,5.5288,0.85115,414.5168,67.9624,38.7251,2.6378,34.4391,94.215,1.2153,61.0225,99.7458,0.65838,7.3151,0.69799,1.9275,23.8477,0.33975,24.8469,6.9248,485.7931,0.15736,9.9581,42.2225,4.3359,0.70403,15.3291,7.398,582.3896,0.60225,0,0.21044,1.0054,86.1293,10489.9886,90.4193,0.30584,3.2913,0.079312,8.8179,10.4797,17.7788,22.5247,3.761,7.3399,100.8123,2.6888,30.8973,0.4024,0.15736,27.5202,36.7577,225.8816,6.8527,10.2698,0.83486,12.3803,16.371,0.73604,0,1.3915,42.546,315.9307,0.72838,0.82711,4.4877,0.54696,10.4803,711.4278,16.9182,0,65.7359,0.55364,0.33227,2.5619,21.9341,3.7169,0.31406,2.4865,3.289,10.7889,41.7895,49.0797,3.5507,2625.9681,660.594,733.3658,222.9914,37.2753,62.3936,339.7722,8.0451,1105.9293,25.745,295.8685,18.3469,0.067981,9.0998,96.6512,11.0179,33.9317,7.6482,26.6578,2.3211,1.0934,54.509,0.1484,13.9231,9.7522,1.2562,4.0498,1.5885,278.6593,1.794,3.6882,1.6691,0.15107,2.3484,3.6985,4.378,435.5124,0.14729,5.1562,88.6913,2.645,0.02861,68.2166,7.2876,36.0473,4.082,0.056651,16.9665,153.6,8.7063,37.4945,5.6731,1.8533,130.1041,0.01133,29.3793,7.9747,42.865,2.9859,60.7567,234.289,0.21905,12.2939,6.6177,8.5249,54.9775,146.6149,319.521,47.6291,115.0368,1.3954,0,74.8463,1679.4493,1.1874,0.010729,0.23961,0.4971,0.05722,0.23603,0.24549,0.12626,622.4127,11.2655,49.3376,0.58109,0.96064,45.7053,33.7735,14.0059,0.29836,0.6652,475.9226,648.0246,251.4985,22.8249,22.0315,2.5203,1.0129,40.9369,36.7419,31.0087,275.333,8.6341,12.0426,271.6246,0.52497,2.3052,0.14352,40.3785,30.0105,399.3449,76.3185,0.22888,0.0075535,5.7208,222.5793,154.1858,369.0097,5255.8162,6.584,114.199,0.18128,99.1753,260.3121,0.026437,0,10.0204,7.0472,10.9491,2019.0
