,TRGT_YEAR,GHG_EMS
0,2016,60242
1,2016,23971
2,2016,25332
3,2016,334985
4,2016,50797
5,2016,11114
6,2016,71448
7,2016,29325
8,2016,178894
9,2016,26731
10,2016,276458
11,2016,63753
12,2016,61494
13,2016,16078
14,2016,117495
15,2016,23716
16,2016,5857
17,2016,49300
18,2016,37742
19,2016,85034
20,2016,22133
21,2016,30191
22,2016,81987
23,2016,32183
24,2016,17814
25,2016,18202
26,2016,86836
27,2016,49970
28,2016,26762
29,2016,68589
30,2016,19333
31,2016,165784
32,2016,38747
33,2016,21811
34,2016,26149
35,2016,16348
36,2016,22661
37,2016,47498
38,2016,63617
39,2016,310272
40,2016,21753
41,2016,16719
42,2016,23066
43,2016,67772
44,2016,13834
45,2016,192420
46,2016,64154
47,2016,19167
48,2016,81610
49,2016,27624
50,2016,59241
51,2016,39537
52,2016,17904
53,2016,432356
54,2016,117721
55,2016,40453
56,2016,21863
57,2016,7728
58,2016,70155
59,2016,26475
60,2016,515544
61,2016,39575
62,2016,72487
63,2016,17847
64,2016,23064
65,2016,58400
66,2016,10489
67,2016,26414
68,2016,17443
69,2016,104496
70,2016,28521
71,2016,17819
72,2016,16507
73,2016,32020
74,2016,22816
75,2016,129537
76,2016,15408
77,2016,19408
78,2016,19228
79,2016,18904
80,2016,21942
81,2016,33264
82,2016,18778
83,2016,14158
84,2016,24157
85,2016,17152
86,2016,21187
87,2016,1215225
88,2016,68025
89,2016,25366
90,2016,16657
91,2016,83749
92,2016,25121
93,2016,167426
94,2016,20673
95,2016,16526
96,2016,19952
97,2016,83246
98,2016,70187
99,2016,312763
100,2016,15835
101,2016,89086
102,2016,30697
103,2016,14201
104,2016,18283
105,2016,19351
106,2016,1710173
107,2016,18185
108,2016,31358
109,2016,165169
110,2016,23200
111,2016,26610
112,2016,151272
113,2016,31144
114,2016,37379
115,2016,68907
116,2016,74707
117,2016,17508
118,2016,24615
119,2016,30463
120,2016,149918
121,2016,88472
122,2016,175280
123,2016,188056
124,2016,47269
125,2016,492413
126,2016,51400
127,2016,273854
128,2016,66147
129,2016,59375
130,2016,38977
131,2016,14611
132,2016,710479
133,2016,19907
134,2016,27252
135,2016,33549
136,2016,20554
137,2016,80077
138,2016,65112
139,2016,16816
140,2016,193600
141,2016,27855
142,2016,22367
143,2016,18379
144,2016,28230
145,2016,29854
146,2016,16943
147,2016,34785
148,2016,148972
149,2016,26706
150,2016,53526
151,2016,145375
152,2016,14662
153,2016,46662
154,2016,94760
155,2016,36833
156,2016,30165
157,2016,99327
158,2016,19233
159,2016,48690
160,2016,12593
161,2016,15178
162,2016,18112
163,2016,119608
164,2016,56660
165,2016,220408
166,2016,27129
167,2016,20092
168,2016,30085
169,2016,13186
170,2016,30836
171,2016,19842
172,2016,32305
173,2016,17200
174,2016,28391
175,2016,72087
176,2016,49332
177,2016,21793
178,2016,21365
179,2016,88777
180,2016,67208
181,2016,22600
182,2016,18581
183,2016,1144502
184,2016,131917
185,2016,142395
186,2016,122062
187,2016,10238
188,2016,142085
189,2016,21748
190,2016,27692
191,2016,21946
192,2016,22997
193,2016,29883
194,2016,23084
195,2016,14472
196,2016,14751
197,2016,48175
198,2016,195574
199,2016,336497
200,2016,98360
201,2016,1245755
202,2016,23856
203,2016,68590
204,2016,19461
205,2016,181184
206,2016,20242
207,2016,20515
208,2016,7641045
209,2016,20533
210,2016,264833
211,2016,24736
212,2016,166661
213,2016,1614318
214,2016,87431
215,2016,17384
216,2016,18781
217,2016,90324
218,2016,15732
219,2016,18896
220,2016,21730
221,2016,39486
222,2016,17931
223,2016,20544
224,2016,36219
225,2016,19586
226,2016,60116
227,2016,26838
228,2016,35253
229,2016,105639
230,2016,52367
231,2016,25146
232,2016,104522
233,2016,23284
234,2016,96823
235,2016,29513
236,2016,3363119
237,2016,21968
238,2016,124912
239,2016,17464
240,2016,28858
241,2016,220227
242,2016,56886
243,2016,66172
244,2016,18770
245,2016,812324
246,2016,18171
247,2016,78166
248,2016,137217
249,2016,242758
250,2016,75202
251,2016,135989
252,2016,18576
253,2016,17182
254,2016,20234
255,2016,22376
256,2016,114961
257,2016,3173174
258,2016,45059
259,2016,184378
260,2016,92681
261,2016,3089075
262,2016,312105
263,2016,290289
264,2016,772738
265,2016,770023
266,2016,76655
267,2016,772785
268,2016,184520
269,2016,440058
270,2016,338
271,2016,92757
272,2016,96493
273,2016,81470
274,2016,39357
275,2016,15432
276,2016,204065
277,2016,11939
278,2016,423474
279,2016,38285
280,2016,99195
281,2016,28427
282,2016,54109
283,2016,1290483
284,2016,1003737
285,2016,94501
286,2016,837758
287,2016,49097
288,2016,71882
289,2016,84402
290,2016,32469
291,2016,29662
292,2016,49226
293,2016,213811
294,2016,44061
295,2016,516058
296,2016,27087
297,2016,782664
298,2016,125783
299,2016,16680
300,2016,55224
301,2016,20351
302,2016,136492
303,2016,19912
304,2016,14695
305,2016,402695
306,2016,29017
307,2016,20862
308,2016,53092
309,2016,600780
310,2016,18357
311,2016,245408
312,2016,22308
313,2016,28203
314,2016,16563
315,2016,31991
316,2016,209084
317,2016,23361
318,2016,32386
319,2016,83689
320,2016,1165438
321,2016,36851
322,2016,482778
323,2016,77387
324,2016,19866
325,2016,213215
326,2016,18795
327,2016,675003
328,2016,50210
329,2016,14910
330,2016,46645
331,2016,475727
332,2016,182945
333,2016,39238
334,2016,1894882
335,2016,18688
336,2016,3675993
337,2016,19593
338,2016,12331
339,2016,130601
340,2016,278244
341,2016,356449
342,2016,139085
343,2016,21817
344,2016,15956
345,2016,19097
346,2016,7446270
347,2016,260116
348,2016,17842
349,2016,28779
350,2016,402843
351,2016,97705
352,2016,17911
353,2016,8098
354,2016,255819
355,2016,19250
356,2016,24937
357,2016,117632
358,2016,23788
359,2016,41808
360,2016,24058
361,2016,32477
362,2016,87413
363,2016,269221
364,2016,29426
365,2016,1175224
366,2016,22108
367,2016,48740
368,2016,38022
369,2016,24001
370,2016,134682
371,2016,833855
372,2016,94454
373,2016,351226
374,2016,654859
375,2016,16082
376,2016,131361
377,2016,386453
378,2016,146155
379,2016,5689231
380,2016,106280
381,2016,104848
382,2016,32905
383,2016,581309
384,2016,110673
385,2016,49898
386,2016,195786
387,2016,202677
388,2016,248345
389,2016,25776
390,2016,18602
391,2016,17218
392,2016,12875
393,2016,14555
394,2016,192080
395,2016,3328
396,2016,10298
397,2016,89223
398,2016,83656
399,2016,142450
400,2016,20016
401,2016,1246674
402,2016,157188
403,2016,23795
404,2016,58409
405,2016,120215
406,2016,193804
407,2016,243858
408,2016,60874
409,2016,35686
410,2016,76763
411,2016,85553
412,2016,23896
413,2016,199710
414,2016,197439
415,2016,19628
416,2016,33837
417,2016,4416141
418,2016,132760
419,2016,68479
420,2016,123548
421,2016,407676
422,2016,101236
423,2016,392450
424,2016,6897195
425,2016,417831
426,2016,15282
427,2016,24304
428,2016,85876
429,2016,15871
430,2016,102993
431,2016,27152
432,2016,14983
433,2016,120483
434,2016,30566
435,2016,21040
436,2016,166176
437,2016,30588
438,2016,16084
439,2016,47447
440,2016,29849
441,2016,22237
442,2016,17504
443,2016,21979
444,2016,14157
445,2016,81274
446,2016,331949
447,2016,80205
448,2016,16025
449,2016,40806
450,2016,270132
451,2016,69112
452,2016,3045658
453,2016,60646
454,2016,298421
455,2016,19079
456,2016,48829
457,2016,21596
458,2016,78826
459,2016,424170
460,2016,39749
461,2016,184854
462,2016,203011
463,2016,18389
464,2016,6002369
465,2016,81307
466,2016,19635
467,2016,26675
468,2016,49542
469,2016,119727
470,2016,21195
471,2016,168751
472,2016,15821
473,2016,45249
474,2016,100012
475,2016,33859
476,2016,20236
477,2016,56040
478,2016,38672
479,2016,122464
480,2016,40207
481,2016,1657412
482,2016,154829
483,2016,300268
484,2016,20488
485,2016,50430
486,2016,130196
487,2016,29062
488,2016,47087
489,2016,41405
490,2016,71821
491,2016,256733
492,2016,93246
493,2016,96155
494,2016,27352
495,2016,15520
496,2016,12940
497,2016,14664
498,2016,23576
499,2016,93533
500,2016,17932
501,2016,23057
502,2016,38021
503,2016,12248603
504,2016,149709
505,2016,71196
506,2016,64760
507,2016,84276
508,2016,5724
509,2016,2638862
510,2016,27816
511,2016,280121
512,2016,183
513,2016,39739
514,2016,2996583
515,2016,47730
516,2016,516811
517,2016,351284
518,2016,99239
519,2016,24721
520,2016,2724
521,2016,65997
522,2016,20183
523,2016,239981
524,2016,133925
525,2016,136865
526,2016,171986
527,2016,18546
528,2016,84318
529,2016,73553
530,2016,40063
531,2016,45489
532,2016,28399
533,2016,194188
534,2016,196810
535,2016,699772
536,2016,17089
537,2016,82941
538,2016,29415
539,2016,40339
540,2016,7718837
541,2016,151882
542,2016,105226
543,2016,1920327
544,2016,3149816
545,2016,485851
546,2016,828073
547,2016,3099900
548,2016,31736
549,2016,212287
550,2016,178558
551,2016,648760
552,2016,85260
553,2016,18556
554,2016,19097
555,2016,20917
556,2016,513430
557,2016,23959
558,2016,110137
559,2016,153452
560,2016,6091611
561,2016,1028652
562,2016,327143
563,2016,513628
564,2016,66766
565,2016,84866
566,2016,3630444
567,2016,20322
568,2016,17188
569,2016,26933
570,2016,31724
571,2016,111944
572,2016,8389
573,2016,93873
574,2016,13926
575,2016,46884
576,2016,729802
577,2016,126775
578,2016,20911
579,2016,2463988
580,2016,312752
581,2016,111525
582,2016,193868
583,2016,15085
584,2016,22903
585,2016,321246
586,2016,561737
587,2016,111198
588,2016,148532
589,2016,208678
590,2016,512903
591,2016,13380
592,2016,17922
593,2016,204943
594,2016,74568
595,2016,41928
596,2016,132887
597,2016,29213
598,2016,38631
599,2016,136320
600,2016,58418
601,2016,90394
602,2016,33697
603,2016,114928
604,2016,145903
605,2016,194999
606,2016,516847
607,2016,62004
608,2016,176879
609,2016,270661
610,2016,17598
611,2016,21378
612,2016,104766
613,2016,27440
614,2016,114468
615,2016,40853
616,2016,23706
617,2016,89532
618,2016,29689
619,2016,153873
620,2016,34603
621,2016,82991
622,2016,30247
623,2016,21282
624,2016,780
625,2016,235845
626,2016,189699
627,2016,13549
628,2016,302230
629,2016,28574
630,2016,219776
631,2016,96697
632,2016,16217
633,2016,16010
634,2016,16957
635,2016,78145
636,2016,18793
637,2016,138692
638,2016,684875
639,2016,147571
640,2016,34216
641,2016,176221
642,2016,135954
643,2016,983277
644,2016,30996
645,2016,29481
646,2016,17039
647,2016,41313
648,2016,32730
649,2016,64039
650,2016,377649
651,2016,902657
652,2016,21998
653,2016,52735
654,2016,74211
655,2016,37393
656,2016,14230
657,2016,300094
658,2016,129322
659,2016,20740
660,2016,513785
661,2016,27719
662,2016,33837
663,2016,1266
664,2016,93316
665,2016,28591
666,2016,163117
667,2016,34944
668,2016,1551617
669,2016,35905
670,2016,274058
671,2016,7504641
672,2016,1247880
673,2016,95812
674,2016,195235
675,2016,22746
676,2016,101671
677,2016,47019
678,2016,79649
679,2016,2289900
680,2016,12051
681,2016,27948
682,2016,1040527
683,2016,1084327
684,2016,53054
685,2016,36843
686,2016,437999
687,2016,141850
688,2016,315739
689,2016,71017261
690,2016,2329254
691,2016,245720
692,2016,74513
693,2016,2531
694,2016,137138
695,2016,1506475
696,2016,341877
697,2016,31314
698,2016,22856
699,2016,64550
700,2016,20366
701,2016,19387
702,2016,1803748
703,2016,8427949
704,2016,31292
705,2016,15671
706,2016,83004
707,2016,170326
708,2016,124238
709,2016,431931
710,2016,168062
711,2016,29771
712,2016,57399
713,2016,185843
714,2016,239693
715,2016,30015
716,2016,19156
717,2016,17378
718,2016,143504
719,2016,27264
720,2016,1629876
721,2016,168191
722,2016,289191
723,2016,23385
724,2016,43780
725,2016,334166
726,2016,19372
727,2016,24026
728,2016,30736
729,2016,527579
730,2016,111601
731,2016,26818
732,2016,84098
733,2016,26312
734,2016,80484
735,2016,16164
736,2016,640051
737,2016,105317
738,2016,145651
739,2016,21993
740,2016,15751
741,2016,116302
742,2016,19218
743,2016,92837
744,2016,1096111
745,2016,203624
746,2016,246949
747,2016,20471
748,2016,25810
749,2016,25171
750,2016,21664
751,2016,126960
752,2016,240921
753,2016,16697
754,2016,135525
755,2016,59901
756,2016,19935
757,2016,118610
758,2016,291809
759,2016,75314
760,2016,807377
761,2016,29557
762,2016,105888
763,2016,12163252
764,2016,63313
765,2016,2001309
766,2016,103278
767,2016,119905
768,2016,38616
769,2016,16362
770,2016,524891
771,2016,28086
772,2016,21694
773,2016,160356
774,2016,29096
775,2016,53701
776,2016,60754
777,2016,93099
778,2016,38789
779,2016,167933
780,2016,72975
781,2016,74877
782,2016,22989
783,2016,828695
784,2016,67681
785,2016,30823
786,2016,74608
787,2016,12970
788,2016,59734301
789,2016,34255207
790,2016,35333
791,2016,228019
792,2016,39743822
793,2016,664381
794,2016,14190
795,2016,17667
796,2016,36702972
797,2016,19145
798,2016,21040
799,2016,83622
800,2016,3057742
801,2016,651687
802,2016,118293
803,2016,499297
804,2016,58422
805,2016,46290
806,2016,196509
807,2016,91393
808,2016,19405
809,2016,322780
810,2016,42601
811,2016,141886
812,2016,91998
813,2016,1396423
814,2016,19439
815,2016,258451
816,2016,209619
817,2016,87217
818,2016,33364725
819,2016,360546
820,2016,4066038
821,2016,542129
822,2016,1620288
823,2016,507231
824,2016,137364
825,2016,30273
826,2016,185898
827,2016,22483
828,2016,19269
829,2016,18910
830,2016,36034
831,2016,47261
832,2016,19341
833,2016,5215485
834,2016,16173
835,2016,970444
836,2016,27619
837,2016,125304
838,2016,66519
839,2016,5393086
840,2016,73584
841,2016,17937
842,2016,18349
843,2016,4068243
844,2016,30435
845,2016,416956
846,2016,31325
847,2016,2392822
848,2016,25144
849,2016,4438781
850,2016,75317
851,2016,27980
852,2016,35322
853,2016,65051
854,2016,114800
855,2016,24843
856,2016,74174
857,2016,10456523
858,2016,77359
859,2016,50705
860,2016,20269
861,2016,119628
862,2016,165173
863,2016,82377
864,2016,261137
865,2016,99768
866,2016,90462
867,2016,39439
868,2016,85902
869,2016,425
870,2016,4207696
871,2016,779352
872,2016,5234734
873,2016,23870
874,2016,219471
875,2016,1494293
876,2016,29383
877,2016,19103169
878,2016,22489
879,2016,41182
880,2016,897215
881,2016,145681
882,2016,21488
883,2016,50850
884,2016,16704
885,2016,383391
886,2016,94007
887,2016,105459
888,2016,118408
889,2016,72127
890,2016,29736
891,2016,50446
892,2016,329035
893,2016,551550
894,2016,112012
895,2016,12094
896,2017,52368
897,2017,24726
898,2017,30616
899,2017,23319
900,2017,25355
901,2017,407757
902,2017,3396
903,2017,71158
904,2017,25198
905,2017,178260
906,2017,26233
907,2017,217844
908,2017,59533
909,2017,15435
910,2017,110995
911,2017,22632
912,2017,4990
913,2017,53327
914,2017,37352
915,2017,77150
916,2017,18238
917,2017,17833
918,2017,21434
919,2017,29955
920,2017,80251
921,2017,51606
922,2017,17696
923,2017,82982
924,2017,49373
925,2017,21894
926,2017,70501
927,2017,11688
928,2017,22074
929,2017,159420
930,2017,21457
931,2017,36683
932,2017,43102
933,2017,17997
934,2017,24314
935,2017,26227
936,2017,24406
937,2017,16831
938,2017,20964
939,2017,42183
940,2017,51261
941,2017,23405
942,2017,17269
943,2017,26858
944,2017,68186
945,2017,12228
946,2017,179440
947,2017,65771
948,2017,19654
949,2017,86144
950,2017,28669
951,2017,15033
952,2017,41709
953,2017,18636
954,2017,461403
955,2017,112303
956,2017,39428
957,2017,23687
958,2017,6940
959,2017,64878
960,2017,23545
961,2017,537928
962,2017,74991
963,2017,15231
964,2017,23053
965,2017,57264
966,2017,44686
967,2017,30582
968,2017,36978
969,2017,15652
970,2017,28647
971,2017,18044
972,2017,128390
973,2017,15532
974,2017,18592
975,2017,45376
976,2017,19236
977,2017,17099
978,2017,19774
979,2017,34341
980,2017,18335
981,2017,27655
982,2017,10901
983,2017,24314
984,2017,16861
985,2017,16398
986,2017,1395133
987,2017,64654
988,2017,18675
989,2017,79202
990,2017,26853
991,2017,30544
992,2017,15797
993,2017,78689
994,2017,23655
995,2017,165810
996,2017,23828
997,2017,17180
998,2017,14554
999,2017,81652
1000,2017,66029
1001,2017,360535
1002,2017,15228
1003,2017,98474
1004,2017,32971
1005,2017,14978
1006,2017,15557
1007,2017,17860
1008,2017,18732
1009,2017,1621281
1010,2017,31279
1011,2017,17140
1012,2017,166196
1013,2017,22221
1014,2017,20319
1015,2017,159121
1016,2017,29706
1017,2017,42097
1018,2017,71336
1019,2017,73157
1020,2017,18512
1021,2017,23800
1022,2017,32637
1023,2017,146770
1024,2017,88090
1025,2017,16631
1026,2017,176355
1027,2017,47359
1028,2017,17792
1029,2017,506598
1030,2017,49791
1031,2017,275986
1032,2017,151428
1033,2017,80428
1034,2017,39024
1035,2017,15950
1036,2017,33536
1037,2017,525342
1038,2017,20479
1039,2017,20088
1040,2017,4153
1041,2017,35739
1042,2017,20776
1043,2017,14653
1044,2017,87418
1045,2017,63282
1046,2017,4025829
1047,2017,16562
1048,2017,27776
1049,2017,26163
1050,2017,17708
1051,2017,27702
1052,2017,2212
1053,2017,29572
1054,2017,16263
1055,2017,28620
1056,2017,154570
1057,2017,24788
1058,2017,29362
1059,2017,52270
1060,2017,13763
1061,2017,45770
1062,2017,99128
1063,2017,40694
1064,2017,29562
1065,2017,102375
1066,2017,61295
1067,2017,21917
1068,2017,18284
1069,2017,54998
1070,2017,14699
1071,2017,257073
1072,2017,12386
1073,2017,16802
1074,2017,205084
1075,2017,58090
1076,2017,227893
1077,2017,27027
1078,2017,19489
1079,2017,42665
1080,2017,27332
1081,2017,10476
1082,2017,31335
1083,2017,21009
1084,2017,32154
1085,2017,16899
1086,2017,29272
1087,2017,74118
1088,2017,53301
1089,2017,19441
1090,2017,19588
1091,2017,102365
1092,2017,74100
1093,2017,20766
1094,2017,94101
1095,2017,1106189
1096,2017,127009
1097,2017,145458
1098,2017,106472
1099,2017,150853
1100,2017,20670
1101,2017,27723
1102,2017,22048
1103,2017,23523
1104,2017,31356
1105,2017,14088
1106,2017,14634
1107,2017,48201
1108,2017,202671
1109,2017,363919
1110,2017,109007
1111,2017,1245993
1112,2017,29492
1113,2017,24046
1114,2017,18348
1115,2017,20281
1116,2017,186013
1117,2017,21130
1118,2017,1794784
1119,2017,19839
1120,2017,16814
1121,2017,7710339
1122,2017,20919
1123,2017,267828
1124,2017,23461
1125,2017,186008
1126,2017,1712535
1127,2017,60916
1128,2017,17832
1129,2017,18798
1130,2017,21985
1131,2017,39971
1132,2017,17754
1133,2017,21927
1134,2017,37110
1135,2017,16341
1136,2017,19365
1137,2017,65280
1138,2017,27913
1139,2017,35340
1140,2017,103132
1141,2017,25884
1142,2017,50745
1143,2017,100379
1144,2017,29909
1145,2017,22037
1146,2017,101572
1147,2017,30307
1148,2017,3481600
1149,2017,23128
1150,2017,125547
1151,2017,17040
1152,2017,253552
1153,2017,54390
1154,2017,66517
1155,2017,59693
1156,2017,20674
1157,2017,1011296
1158,2017,18128
1159,2017,89060
1160,2017,136985
1161,2017,233696
1162,2017,14234
1163,2017,67636
1164,2017,140383
1165,2017,18352
1166,2017,19200
1167,2017,21594
1168,2017,21371
1169,2017,113588
1170,2017,2724232
1171,2017,44354
1172,2017,67836
1173,2017,23834
1174,2017,21216
1175,2017,180413
1176,2017,90832
1177,2017,3335098
1178,2017,299495
1179,2017,312988
1180,2017,892994
1181,2017,760614
1182,2017,75957
1183,2017,734212
1184,2017,175469
1185,2017,424640
1186,2017,787485
1187,2017,156852
1188,2017,99064
1189,2017,84821
1190,2017,64956
1191,2017,65278
1192,2017,20841
1193,2017,49539
1194,2017,18216
1195,2017,206381
1196,2017,17556
1197,2017,276900
1198,2017,35238
1199,2017,98848
1200,2017,30129
1201,2017,58684
1202,2017,1352164
1203,2017,872669
1204,2017,96357
1205,2017,805395
1206,2017,81907
1207,2017,33476
1208,2017,34413
1209,2017,42824
1210,2017,240386
1211,2017,40724
1212,2017,530522
1213,2017,28163
1214,2017,804048
1215,2017,133839
1216,2017,15274
1217,2017,54681
1218,2017,20730
1219,2017,136201
1220,2017,20057
1221,2017,6025
1222,2017,405217
1223,2017,26805
1224,2017,21340
1225,2017,51231
1226,2017,567548
1227,2017,17704
1228,2017,221774
1229,2017,24520
1230,2017,27185
1231,2017,15801
1232,2017,30793
1233,2017,189281
1234,2017,22700
1235,2017,34222
1236,2017,87962
1237,2017,1276255
1238,2017,40491
1239,2017,585542
1240,2017,77437
1241,2017,20856
1242,2017,211878
1243,2017,19780
1244,2017,659217
1245,2017,47998
1246,2017,17440
1247,2017,70627
1248,2017,15451
1249,2017,71579
1250,2017,500392
1251,2017,194407
1252,2017,42752
1253,2017,1994346
1254,2017,20660
1255,2017,2728946
1256,2017,14899
1257,2017,130934
1258,2017,278642
1259,2017,372084
1260,2017,120498
1261,2017,21147
1262,2017,14529
1263,2017,17340
1264,2017,278731
1265,2017,15729
1266,2017,29349
1267,2017,412098
1268,2017,87403
1269,2017,20983
1270,2017,6207
1271,2017,295221
1272,2017,18804
1273,2017,16608
1274,2017,117707
1275,2017,23394
1276,2017,42701
1277,2017,15245
1278,2017,97955
1279,2017,257251
1280,2017,28688
1281,2017,1150436
1282,2017,22356
1283,2017,49604
1284,2017,38207
1285,2017,37114
1286,2017,169585
1287,2017,849397
1288,2017,93024
1289,2017,342825
1290,2017,621134
1291,2017,15734
1292,2017,126805
1293,2017,385758
1294,2017,157349
1295,2017,5944424
1296,2017,112017
1297,2017,111119
1298,2017,32053
1299,2017,604879
1300,2017,109723
1301,2017,34934
1302,2017,51517
1303,2017,189551
1304,2017,218366
1305,2017,254878
1306,2017,25387
1307,2017,18023
1308,2017,18541
1309,2017,19162
1310,2017,13681
1311,2017,14776
1312,2017,13913
1313,2017,195048
1314,2017,3411
1315,2017,29170
1316,2017,10773
1317,2017,88039
1318,2017,103354
1319,2017,20997
1320,2017,22942
1321,2017,1197432
1322,2017,166529
1323,2017,23401
1324,2017,63680
1325,2017,120833
1326,2017,187627
1327,2017,376952
1328,2017,51774
1329,2017,31757
1330,2017,85695
1331,2017,129422
1332,2017,87723
1333,2017,13248
1334,2017,17454
1335,2017,190204
1336,2017,208422
1337,2017,20221
1338,2017,35371
1339,2017,4516
1340,2017,5048146
1341,2017,120914
1342,2017,85314
1343,2017,101769
1344,2017,438461
1345,2017,96681
1346,2017,391022
1347,2017,8589517
1348,2017,482339
1349,2017,14024
1350,2017,23255
1351,2017,18832
1352,2017,31224
1353,2017,84038
1354,2017,14982
1355,2017,110812
1356,2017,27277
1357,2017,11764
1358,2017,35016
1359,2017,141044
1360,2017,31375
1361,2017,19758
1362,2017,162066
1363,2017,28010
1364,2017,7235875
1365,2017,15885
1366,2017,17360
1367,2017,29594
1368,2017,28489
1369,2017,24575
1370,2017,22029
1371,2017,36421
1372,2017,19957
1373,2017,20855
1374,2017,613550
1375,2017,13117
1376,2017,82113
1377,2017,87262
1378,2017,17009
1379,2017,37165
1380,2017,268028
1381,2017,67150
1382,2017,3036649
1383,2017,54990
1384,2017,16328
1385,2017,40265
1386,2017,21254
1387,2017,27818
1388,2017,88548
1389,2017,437871
1390,2017,39207
1391,2017,84656
1392,2017,218107
1393,2017,20014
1394,2017,5602789
1395,2017,81679
1396,2017,19392
1397,2017,28381
1398,2017,42090
1399,2017,22689
1400,2017,124649
1401,2017,16446
1402,2017,162735
1403,2017,16675
1404,2017,44587
1405,2017,103324
1406,2017,32148
1407,2017,20010
1408,2017,33218
1409,2017,40257
1410,2017,143575
1411,2017,35336
1412,2017,1634752
1413,2017,167849
1414,2017,318061
1415,2017,18997
1416,2017,51123
1417,2017,132481
1418,2017,38754
1419,2017,48623
1420,2017,43546
1421,2017,72745
1422,2017,307773
1423,2017,98856
1424,2017,112291
1425,2017,25783
1426,2017,16232
1427,2017,12910
1428,2017,15065
1429,2017,35515
1430,2017,98981
1431,2017,18604
1432,2017,18632
1433,2017,23900
1434,2017,38970
1435,2017,11443918
1436,2017,149512
1437,2017,39472
1438,2017,66326
1439,2017,84510
1440,2017,3382
1441,2017,2297073
1442,2017,20305
1443,2017,87
1444,2017,39440
1445,2017,2998864
1446,2017,538510
1447,2017,367886
1448,2017,102379
1449,2017,25515
1450,2017,3675
1451,2017,75446
1452,2017,13312
1453,2017,285153
1454,2017,81266
1455,2017,140240
1456,2017,186088
1457,2017,19215
1458,2017,90374
1459,2017,59508
1460,2017,41070
1461,2017,27438
1462,2017,33181
1463,2017,217958
1464,2017,214684
1465,2017,273699
1466,2017,712180
1467,2017,6706
1468,2017,98241
1469,2017,34579
1470,2017,632821
1471,2017,7517570
1472,2017,195906
1473,2017,2471647
1474,2017,3250472
1475,2017,587035
1476,2017,875405
1477,2017,248808
1478,2017,3077307
1479,2017,47003
1480,2017,29130
1481,2017,208543
1482,2017,194881
1483,2017,711658
1484,2017,95353
1485,2017,18647
1486,2017,264727
1487,2017,24389
1488,2017,17057
1489,2017,25567
1490,2017,511088
1491,2017,25013
1492,2017,29221
1493,2017,152130
1494,2017,6315796
1495,2017,1015286
1496,2017,357019
1497,2017,1293811
1498,2017,66538
1499,2017,81491
1500,2017,3732791
1501,2017,19270
1502,2017,18163
1503,2017,17107
1504,2017,27715
1505,2017,59771
1506,2017,113444
1507,2017,5501
1508,2017,99127
1509,2017,14259
1510,2017,49172
1511,2017,676773
1512,2017,125400
1513,2017,18276
1514,2017,2355925
1515,2017,124632
1516,2017,354432
1517,2017,32087
1518,2017,105176
1519,2017,198109
1520,2017,14079
1521,2017,29794
1522,2017,267847
1523,2017,412565
1524,2017,151345
1525,2017,127178
1526,2017,147233
1527,2017,183835
1528,2017,301242
1529,2017,12750
1530,2017,19657
1531,2017,202986
1532,2017,72258
1533,2017,42577
1534,2017,133272
1535,2017,32675
1536,2017,27623
1537,2017,9136
1538,2017,47236
1539,2017,82787
1540,2017,34533
1541,2017,121430
1542,2017,150771
1543,2017,26758
1544,2017,232129
1545,2017,476753
1546,2017,75835
1547,2017,212863
1548,2017,281351
1549,2017,37673
1550,2017,15521
1551,2017,19539
1552,2017,99240
1553,2017,28189
1554,2017,112554
1555,2017,50543
1556,2017,26194
1557,2017,88576
1558,2017,28805
1559,2017,157352
1560,2017,36004
1561,2017,75978
1562,2017,30525
1563,2017,21294
1564,2017,729
1565,2017,213220
1566,2017,234323
1567,2017,24378
1568,2017,12451
1569,2017,362822
1570,2017,29174
1571,2017,211608
1572,2017,110580
1573,2017,15769
1574,2017,17250
1575,2017,16790
1576,2017,76239
1577,2017,19237
1578,2017,131743
1579,2017,669758
1580,2017,128655
1581,2017,25612
1582,2017,14241
1583,2017,171616
1584,2017,137529
1585,2017,446238
1586,2017,24322
1587,2017,30457
1588,2017,37027
1589,2017,17346
1590,2017,41353
1591,2017,31638
1592,2017,63228
1593,2017,305347
1594,2017,22639
1595,2017,19783
1596,2017,851325
1597,2017,303962
1598,2017,16567
1599,2017,42623
1600,2017,73891
1601,2017,43334
1602,2017,49685
1603,2017,101116
1604,2017,288903
1605,2017,132138
1606,2017,20105
1607,2017,535155
1608,2017,29063
1609,2017,34892
1610,2017,93716
1611,2017,35334
1612,2017,178092
1613,2017,32935
1614,2017,1620284
1615,2017,35279
1616,2017,7965910
1617,2017,1183385
1618,2017,90719
1619,2017,65923
1620,2017,138107
1621,2017,186521
1622,2017,56592
1623,2017,20927
1624,2017,89922
1625,2017,90138
1626,2017,2368968
1627,2017,36357
1628,2017,176083
1629,2017,84397
1630,2017,836610
1631,2017,1111079
1632,2017,55417
1633,2017,30837
1634,2017,442140
1635,2017,147051
1636,2017,130668
1637,2017,333504
1638,2017,71340238
1639,2017,69536
1640,2017,2274130
1641,2017,235850
1642,2017,133595
1643,2017,117817
1644,2017,67438
1645,2017,2251
1646,2017,148254
1647,2017,1588066
1648,2017,394447
1649,2017,44609
1650,2017,59633
1651,2017,20649
1652,2017,19008
1653,2017,2724784
1654,2017,7997929
1655,2017,38618
1656,2017,14708
1657,2017,76454
1658,2017,136419
1659,2017,456004
1660,2017,164917
1661,2017,29591
1662,2017,58403
1663,2017,358047
1664,2017,236530
1665,2017,30397
1666,2017,18629
1667,2017,17620
1668,2017,133107
1669,2017,27487
1670,2017,31977
1671,2017,1685346
1672,2017,86412
1673,2017,163213
1674,2017,272156
1675,2017,32477
1676,2017,50017
1677,2017,336354
1678,2017,22451
1679,2017,26722
1680,2017,520863
1681,2017,112623
1682,2017,20879
1683,2017,78453
1684,2017,34188
1685,2017,67427
1686,2017,16337
1687,2017,665903
1688,2017,103183
1689,2017,146999
1690,2017,19435
1691,2017,15908
1692,2017,18996
1693,2017,112608
1694,2017,1107894
1695,2017,197649
1696,2017,269034
1697,2017,19190
1698,2017,25187
1699,2017,27252
1700,2017,15943
1701,2017,30420
1702,2017,33087
1703,2017,237242
1704,2017,12466
1705,2017,154389
1706,2017,2684761
1707,2017,45218
1708,2017,19289
1709,2017,190045
1710,2017,122359
1711,2017,1021075
1712,2017,29701
1713,2017,111046
1714,2017,11322151
1715,2017,1325636
1716,2017,1591393
1717,2017,104683
1718,2017,120623
1719,2017,38402
1720,2017,586483
1721,2017,30519
1722,2017,24057
1723,2017,156954
1724,2017,26442
1725,2017,45054
1726,2017,61244
1727,2017,94695
1728,2017,39435
1729,2017,169653
1730,2017,71034
1731,2017,76582
1732,2017,23935
1733,2017,911531
1734,2017,69384
1735,2017,35642
1736,2017,16643
1737,2017,76208
1738,2017,12118
1739,2017,21677
1740,2017,58140700
1741,2017,36512472
1742,2017,137833
1743,2017,33805
1744,2017,262531
1745,2017,38577917
1746,2017,681847
1747,2017,14133
1748,2017,17574
1749,2017,36970623
1750,2017,20128
1751,2017,19958
1752,2017,85956
1753,2017,3445777
1754,2017,720687
1755,2017,118754
1756,2017,535389
1757,2017,60435
1758,2017,21096
1759,2017,216093
1760,2017,91492
1761,2017,20645
1762,2017,309044
1763,2017,42790
1764,2017,160262
1765,2017,90370
1766,2017,1474906
1767,2017,17922
1768,2017,262839
1769,2017,207578
1770,2017,87719
1771,2017,40578692
1772,2017,342927
1773,2017,4479895
1774,2017,514772
1775,2017,1607168
1776,2017,497546
1777,2017,166883
1778,2017,34606
1779,2017,226415
1780,2017,20167
1781,2017,17762
1782,2017,48052
1783,2017,19503
1784,2017,5526854
1785,2017,57742
1786,2017,26739
1787,2017,16155
1788,2017,966377
1789,2017,23370
1790,2017,114955
1791,2017,66964
1792,2017,5517579
1793,2017,69465
1794,2017,3707662
1795,2017,17641
1796,2017,18082
1797,2017,15992
1798,2017,4313335
1799,2017,23176
1800,2017,33409
1801,2017,428640
1802,2017,29295
1803,2017,2703988
1804,2017,83761
1805,2017,4322205
1806,2017,77271
1807,2017,29628
1808,2017,39375
1809,2017,67712
1810,2017,113490
1811,2017,71880
1812,2017,11093258
1813,2017,78897
1814,2017,45539
1815,2017,17250
1816,2017,135998
1817,2017,118813
1818,2017,83964
1819,2017,189336
1820,2017,103848
1821,2017,90037
1822,2017,39892
1823,2017,104771
1824,2017,437
1825,2017,965395
1826,2017,5453482
1827,2017,23994
1828,2017,215057
1829,2017,1524576
1830,2017,39409
1831,2017,21513310
1832,2017,20086
1833,2017,43690
1834,2017,682848
1835,2017,1114143
1836,2017,139443
1837,2017,22213
1838,2017,43077
1839,2017,16981
1840,2017,379375
1841,2017,92755
1842,2017,101278
1843,2017,121405
1844,2017,97067
1845,2017,24368
1846,2017,20534
1847,2017,48598
1848,2017,344912
1849,2017,22500
1850,2017,560144
1851,2017,126663
1852,2017,9243
1853,2018,58372
1854,2018,25429
1855,2018,32776
1856,2018,34262
1857,2018,23436
1858,2018,26317
1859,2018,458521
1860,2018,76114
1861,2018,22213
1862,2018,172083
1863,2018,26354
1864,2018,220210
1865,2018,52875
1866,2018,15929
1867,2018,31011
1868,2018,109269
1869,2018,13807
1870,2018,4719
1871,2018,53126
1872,2018,38506
1873,2018,80531
1874,2018,20104
1875,2018,17510
1876,2018,20483
1877,2018,29701
1878,2018,82044
1879,2018,51075
1880,2018,17257
1881,2018,22239
1882,2018,81997
1883,2018,14926
1884,2018,43796
1885,2018,22003
1886,2018,70715
1887,2018,10962
1888,2018,22420
1889,2018,157014
1890,2018,31943
1891,2018,21540
1892,2018,36862
1893,2018,45198
1894,2018,17494
1895,2018,17336
1896,2018,25095
1897,2018,27756
1898,2018,14877
1899,2018,21922
1900,2018,43081
1901,2018,48524
1902,2018,25409
1903,2018,16515
1904,2018,28376
1905,2018,68869
1906,2018,18183
1907,2018,213834
1908,2018,70557
1909,2018,19266
1910,2018,88239
1911,2018,17796
1912,2018,41534
1913,2018,17889
1914,2018,18326
1915,2018,110202
1916,2018,39533
1917,2018,20442
1918,2018,23431
1919,2018,60124
1920,2018,21315
1921,2018,591629
1922,2018,76375
1923,2018,14174
1924,2018,14646
1925,2018,19681
1926,2018,56972
1927,2018,40649
1928,2018,30969
1929,2018,46054
1930,2018,141234
1931,2018,14619
1932,2018,27509
1933,2018,16572
1934,2018,91686
1935,2018,15792
1936,2018,19485
1937,2018,58426
1938,2018,13736
1939,2018,16231
1940,2018,15358
1941,2018,17008
1942,2018,33816
1943,2018,18329
1944,2018,27881
1945,2018,12781
1946,2018,16890
1947,2018,28315
1948,2018,19676
1949,2018,15285
1950,2018,1421461
1951,2018,66216
1952,2018,18520
1953,2018,63315
1954,2018,26499
1955,2018,16063
1956,2018,31225
1957,2018,13660
1958,2018,86459
1959,2018,13167
1960,2018,158462
1961,2018,22483
1962,2018,16955
1963,2018,12868
1964,2018,79880
1965,2018,65901
1966,2018,420541
1967,2018,14828
1968,2018,112744
1969,2018,14840
1970,2018,18576
1971,2018,14695
1972,2018,19334
1973,2018,16668
1974,2018,1656014
1975,2018,16868
1976,2018,32152
1977,2018,26644
1978,2018,147694
1979,2018,56617
1980,2018,23281
1981,2018,23732
1982,2018,163889
1983,2018,27752
1984,2018,45244
1985,2018,71568
1986,2018,76459
1987,2018,19170
1988,2018,30497
1989,2018,24544
1990,2018,165922
1991,2018,85424
1992,2018,19138
1993,2018,165467
1994,2018,41624
1995,2018,17666
1996,2018,20464
1997,2018,506763
1998,2018,54588
1999,2018,269506
2000,2018,143220
2001,2018,97871
2002,2018,74408
2003,2018,51755
2004,2018,40103
2005,2018,14312
2006,2018,30934
2007,2018,563617
2008,2018,21120
2009,2018,48348
2010,2018,12173
2011,2018,4237
2012,2018,36425
2013,2018,13303
2014,2018,23313
2015,2018,22971
2016,2018,15262
2017,2018,87328
2018,2018,62335
2019,2018,7424035
2020,2018,15993
2021,2018,28381
2022,2018,22463
2023,2018,15613
2024,2018,29329
2025,2018,29572
2026,2018,14942
2027,2018,29574
2028,2018,172329
2029,2018,19436
2030,2018,23060
2031,2018,26846
2032,2018,47599
2033,2018,18086
2034,2018,43538
2035,2018,103776
2036,2018,42652
2037,2018,24596
2038,2018,102191
2039,2018,57694
2040,2018,22274
2041,2018,56344
2042,2018,13080
2043,2018,225913
2044,2018,11816
2045,2018,15753
2046,2018,17261
2047,2018,217552
2048,2018,52972
2049,2018,231866
2050,2018,29360
2051,2018,18743
2052,2018,43270
2053,2018,28090
2054,2018,18960
2055,2018,9265
2056,2018,32867
2057,2018,20549
2058,2018,32100
2059,2018,19530
2060,2018,16631
2061,2018,28034
2062,2018,82111
2063,2018,33172
2064,2018,53907
2065,2018,18805
2066,2018,17498
2067,2018,112611
2068,2018,74930
2069,2018,18336
2070,2018,85681
2071,2018,1157594
2072,2018,124286
2073,2018,142821
2074,2018,102695
2075,2018,150924
2076,2018,31302
2077,2018,29168
2078,2018,21634
2079,2018,23007
2080,2018,28985
2081,2018,14118
2082,2018,14124
2083,2018,50572
2084,2018,216648
2085,2018,396198
2086,2018,107010
2087,2018,2077996
2088,2018,26800
2089,2018,25147
2090,2018,19461
2091,2018,23179
2092,2018,182368
2093,2018,21799
2094,2018,1191146
2095,2018,18794
2096,2018,16156
2097,2018,8822778
2098,2018,19703
2099,2018,272848
2100,2018,24959
2101,2018,264942
2102,2018,1789360
2103,2018,39009
2104,2018,17733
2105,2018,16549
2106,2018,41689
2107,2018,17874
2108,2018,21578
2109,2018,37689
2110,2018,16336
2111,2018,24931
2112,2018,19878
2113,2018,19543
2114,2018,61891
2115,2018,27651
2116,2018,35188
2117,2018,99046
2118,2018,26428
2119,2018,49439
2120,2018,18667
2121,2018,98002
2122,2018,28550
2123,2018,22174
2124,2018,102017
2125,2018,23623
2126,2018,3845650
2127,2018,21721
2128,2018,122054
2129,2018,18625
2130,2018,249088
2131,2018,55513
2132,2018,67337
2133,2018,50259
2134,2018,21486
2135,2018,456754
2136,2018,19265
2137,2018,86892
2138,2018,126278
2139,2018,196386
2140,2018,19958
2141,2018,47876
2142,2018,142299
2143,2018,18530
2144,2018,20216
2145,2018,20250
2146,2018,22337
2147,2018,90029
2148,2018,2331031
2149,2018,43986
2150,2018,70312
2151,2018,23201
2152,2018,20603
2153,2018,171474
2154,2018,96100
2155,2018,3500431
2156,2018,261768
2157,2018,313095
2158,2018,921126
2159,2018,730865
2160,2018,74150
2161,2018,748311
2162,2018,25524
2163,2018,186558
2164,2018,436044
2165,2018,761484
2166,2018,166127
2167,2018,19985
2168,2018,104965
2169,2018,89518
2170,2018,75732
2171,2018,68290
2172,2018,23389
2173,2018,64906
2174,2018,20341
2175,2018,210870
2176,2018,8364
2177,2018,277777
2178,2018,29600
2179,2018,94858
2180,2018,29636
2181,2018,60925
2182,2018,1113894
2183,2018,853454
2184,2018,100388
2185,2018,806162
2186,2018,105458
2187,2018,33743
2188,2018,56235
2189,2018,228626
2190,2018,42442
2191,2018,553583
2192,2018,27932
2193,2018,822492
2194,2018,136004
2195,2018,15968
2196,2018,56117
2197,2018,21104
2198,2018,140737
2199,2018,5591
2200,2018,430250
2201,2018,25408
2202,2018,21206
2203,2018,73024
2204,2018,559285
2205,2018,17933
2206,2018,159766
2207,2018,22575
2208,2018,25155
2209,2018,18633
2210,2018,30309
2211,2018,18171
2212,2018,312848
2213,2018,22588
2214,2018,31322
2215,2018,76925
2216,2018,1682231
2217,2018,39749
2218,2018,412456
2219,2018,76360
2220,2018,21357
2221,2018,223816
2222,2018,22263
2223,2018,18622
2224,2018,604670
2225,2018,45666
2226,2018,17202
2227,2018,68938
2228,2018,15059
2229,2018,100084
2230,2018,667407
2231,2018,29280
2232,2018,38811
2233,2018,1952467
2234,2018,15825
2235,2018,2493561
2236,2018,17681
2237,2018,126497
2238,2018,269642
2239,2018,392276
2240,2018,118738
2241,2018,21716
2242,2018,17357
2243,2018,20315
2244,2018,13259
2245,2018,16672
2246,2018,233406
2247,2018,11207
2248,2018,29497
2249,2018,422494
2250,2018,96129
2251,2018,18613
2252,2018,19487
2253,2018,6761
2254,2018,334968
2255,2018,18927
2256,2018,18841
2257,2018,120661
2258,2018,22473
2259,2018,43758
2260,2018,11792
2261,2018,108244
2262,2018,243680
2263,2018,29953
2264,2018,1096130
2265,2018,26356
2266,2018,48698
2267,2018,31944
2268,2018,38447
2269,2018,165549
2270,2018,801304
2271,2018,89742
2272,2018,324373
2273,2018,673892
2274,2018,15906
2275,2018,127234
2276,2018,414684
2277,2018,161451
2278,2018,68254
2279,2018,5883084
2280,2018,113742
2281,2018,100440
2282,2018,30881
2283,2018,595925
2284,2018,109695
2285,2018,31553
2286,2018,20404
2287,2018,51213
2288,2018,169106
2289,2018,221377
2290,2018,254926
2291,2018,16614
2292,2018,17838
2293,2018,20570
2294,2018,20397
2295,2018,26972
2296,2018,18909
2297,2018,14305
2298,2018,215267
2299,2018,27295
2300,2018,18959
2301,2018,88999
2302,2018,136028
2303,2018,19426
2304,2018,25693
2305,2018,1128242
2306,2018,19125
2307,2018,167092
2308,2018,23631
2309,2018,69350
2310,2018,116825
2311,2018,183017
2312,2018,260450
2313,2018,39290
2314,2018,15695
2315,2018,33654
2316,2018,102699
2317,2018,130919
2318,2018,87413
2319,2018,8968
2320,2018,19427
2321,2018,148039
2322,2018,207954
2323,2018,18481
2324,2018,26034
2325,2018,5199329
2326,2018,119594
2327,2018,116579
2328,2018,90281
2329,2018,511379
2330,2018,94588
2331,2018,435279
2332,2018,10775372
2333,2018,263861
2334,2018,13891
2335,2018,46794
2336,2018,22272
2337,2018,17863
2338,2018,33236
2339,2018,69459
2340,2018,15518
2341,2018,111453
2342,2018,24922
2343,2018,13091
2344,2018,35479
2345,2018,161546
2346,2018,32136
2347,2018,18390
2348,2018,155102
2349,2018,6282553
2350,2018,13526
2351,2018,17763
2352,2018,21492
2353,2018,29068
2354,2018,21177
2355,2018,21884
2356,2018,17986
2357,2018,36075
2358,2018,22355
2359,2018,20447
2360,2018,647341
2361,2018,16944
2362,2018,14830
2363,2018,83905
2364,2018,96472
2365,2018,17980
2366,2018,38162
2367,2018,321380
2368,2018,65510
2369,2018,2898728
2370,2018,56701
2371,2018,13456
2372,2018,48209
2373,2018,23047
2374,2018,25391
2375,2018,84002
2376,2018,386845
2377,2018,37330
2378,2018,4562
2379,2018,215544
2380,2018,21880
2381,2018,5358491
2382,2018,77761
2383,2018,19832
2384,2018,30168
2385,2018,37001
2386,2018,25114
2387,2018,122019
2388,2018,10407
2389,2018,168160
2390,2018,14780
2391,2018,45294
2392,2018,104187
2393,2018,30367
2394,2018,19587
2395,2018,36337
2396,2018,45987
2397,2018,152805
2398,2018,35399
2399,2018,1641072
2400,2018,169847
2401,2018,289253
2402,2018,18829
2403,2018,48488
2404,2018,99171
2405,2018,20935
2406,2018,40236
2407,2018,52089
2408,2018,43794
2409,2018,73185
2410,2018,312540
2411,2018,93036
2412,2018,83607
2413,2018,17811
2414,2018,26114
2415,2018,27226
2416,2018,15380
2417,2018,12849
2418,2018,12375
2419,2018,33926
2420,2018,113294
2421,2018,22154
2422,2018,18581
2423,2018,21377
2424,2018,39806
2425,2018,10972380
2426,2018,144367
2427,2018,42949
2428,2018,90268
2429,2018,85272
2430,2018,2723162
2431,2018,34492
2432,2018,15736
2433,2018,86
2434,2018,43207
2435,2018,2559409
2436,2018,500914
2437,2018,376354
2438,2018,95794
2439,2018,26557
2440,2018,62944
2441,2018,288930
2442,2018,125732
2443,2018,143626
2444,2018,203740
2445,2018,19282
2446,2018,174996
2447,2018,70089
2448,2018,39812
2449,2018,20961
2450,2018,34664
2451,2018,22684
2452,2018,205626
2453,2018,246151
2454,2018,321699
2455,2018,716470
2456,2018,8805
2457,2018,103686
2458,2018,35352
2459,2018,692883
2460,2018,7408913
2461,2018,180004
2462,2018,2835177
2463,2018,3201256
2464,2018,536522
2465,2018,934664
2466,2018,287048
2467,2018,3785044
2468,2018,38987
2469,2018,26888
2470,2018,186625
2471,2018,205972
2472,2018,815245
2473,2018,93160
2474,2018,18107
2475,2018,263287
2476,2018,21714
2477,2018,22970
2478,2018,17879
2479,2018,27793
2480,2018,534897
2481,2018,25263
2482,2018,142228
2483,2018,6696544
2484,2018,1033974
2485,2018,369433
2486,2018,971939
2487,2018,71782
2488,2018,82968
2489,2018,3676977
2490,2018,17894
2491,2018,18104
2492,2018,17584
2493,2018,24741
2494,2018,15911
2495,2018,88317
2496,2018,115091
2497,2018,5768
2498,2018,106499
2499,2018,13867
2500,2018,54123
2501,2018,584456
2502,2018,121445
2503,2018,17766
2504,2018,2265608
2505,2018,135849
2506,2018,351858
2507,2018,14638
2508,2018,31075
2509,2018,110071
2510,2018,168709
2511,2018,18959
2512,2018,15092
2513,2018,31244
2514,2018,322591
2515,2018,455119
2516,2018,159921
2517,2018,97351
2518,2018,136088
2519,2018,170707
2520,2018,1111155
2521,2018,314124
2522,2018,13001
2523,2018,17614
2524,2018,202102
2525,2018,67282
2526,2018,47974
2527,2018,23512
2528,2018,124820
2529,2018,32272
2530,2018,23953
2531,2018,51931
2532,2018,156335
2533,2018,34531
2534,2018,115203
2535,2018,145322
2536,2018,22305
2537,2018,253938
2538,2018,493559
2539,2018,74780
2540,2018,260179
2541,2018,350779
2542,2018,36071
2543,2018,10741
2544,2018,21124
2545,2018,93107
2546,2018,30100
2547,2018,116776
2548,2018,45385
2549,2018,25468
2550,2018,92847
2551,2018,31966
2552,2018,155343
2553,2018,35643
2554,2018,63054
2555,2018,30661
2556,2018,22492
2557,2018,213709
2558,2018,364357
2559,2018,24476
2560,2018,31921
2561,2018,10916
2562,2018,428787
2563,2018,28112
2564,2018,217079
2565,2018,115102
2566,2018,12142
2567,2018,18542
2568,2018,16580
2569,2018,78934
2570,2018,19914
2571,2018,130490
2572,2018,679974
2573,2018,135163
2574,2018,16410
2575,2018,170833
2576,2018,140608
2577,2018,547367
2578,2018,24656
2579,2018,47964
2580,2018,36921
2581,2018,9718
2582,2018,42606
2583,2018,31534
2584,2018,63900
2585,2018,250155
2586,2018,26879
2587,2018,20670
2588,2018,950381
2589,2018,310275
2590,2018,16890
2591,2018,37954
2592,2018,74718
2593,2018,47032
2594,2018,49494
2595,2018,131654
2596,2018,291159
2597,2018,139557
2598,2018,545828
2599,2018,32721
2600,2018,35085
2601,2018,31311
2602,2018,30783
2603,2018,96673
2604,2018,20574
2605,2018,33479
2606,2018,186373
2607,2018,28586
2608,2018,1585094
2609,2018,27304
2610,2018,37436
2611,2018,476887
2612,2018,8072241
2613,2018,1131461
2614,2018,68458
2615,2018,82079
2616,2018,135296
2617,2018,184510
2618,2018,70533
2619,2018,20182
2620,2018,83382
2621,2018,91528
2622,2018,2326096
2623,2018,34868
2624,2018,164492
2625,2018,83000
2626,2018,874782
2627,2018,1106312
2628,2018,53434
2629,2018,36843
2630,2018,413135
2631,2018,157434
2632,2018,127337
2633,2018,326986
2634,2018,73121363
2635,2018,69078
2636,2018,2394889
2637,2018,234149
2638,2018,122084
2639,2018,125351
2640,2018,69995
2641,2018,164128
2642,2018,1588871
2643,2018,448300
2644,2018,31265
2645,2018,60986
2646,2018,21095
2647,2018,20818
2648,2018,2677137
2649,2018,7967398
2650,2018,28987
2651,2018,15719
2652,2018,81370
2653,2018,140674
2654,2018,410416
2655,2018,164385
2656,2018,23967
2657,2018,64985
2658,2018,316664
2659,2018,228213
2660,2018,1019766
2661,2018,30339
2662,2018,19480
2663,2018,18481
2664,2018,142588
2665,2018,28205
2666,2018,30565
2667,2018,1666763
2668,2018,111374
2669,2018,166178
2670,2018,230192
2671,2018,61727
2672,2018,31355
2673,2018,49509
2674,2018,332618
2675,2018,22912
2676,2018,24192
2677,2018,556830
2678,2018,108631
2679,2018,12690
2680,2018,80156
2681,2018,37506
2682,2018,61879
2683,2018,1102104
2684,2018,15061
2685,2018,15840
2686,2018,103601
2687,2018,671829
2688,2018,136340
2689,2018,19737
2690,2018,16818
2691,2018,17561
2692,2018,136396
2693,2018,1103180
2694,2018,194644
2695,2018,302387
2696,2018,21855
2697,2018,23378
2698,2018,26880
2699,2018,14276
2700,2018,23455
2701,2018,33226
2702,2018,225470
2703,2018,3931
2704,2018,20797
2705,2018,157405
2706,2018,4163120
2707,2018,47631
2708,2018,19707
2709,2018,95650
2710,2018,108979
2711,2018,1225860
2712,2018,29327
2713,2018,115573
2714,2018,11697326
2715,2018,1657146
2716,2018,1422246
2717,2018,101075
2718,2018,119571
2719,2018,22535
2720,2018,632050
2721,2018,30331
2722,2018,23168
2723,2018,156577
2724,2018,26177
2725,2018,53306
2726,2018,62813
2727,2018,96257
2728,2018,40849
2729,2018,173400
2730,2018,74230
2731,2018,79293
2732,2018,22547
2733,2018,1051861
2734,2018,71263
2735,2018,39524
2736,2018,18164
2737,2018,78642
2738,2018,22569
2739,2018,20198
2740,2018,57576044
2741,2018,40399651
2742,2018,141153
2743,2018,35105
2744,2018,272443
2745,2018,39544256
2746,2018,694914
2747,2018,13930
2748,2018,18038
2749,2018,37955538
2750,2018,20371
2751,2018,18908
2752,2018,84861
2753,2018,3332040
2754,2018,739276
2755,2018,127508
2756,2018,325808
2757,2018,54333
2758,2018,15285
2759,2018,215353
2760,2018,91963
2761,2018,22390
2762,2018,275970
2763,2018,37308
2764,2018,138506
2765,2018,83397
2766,2018,1365735
2767,2018,18129
2768,2018,257021
2769,2018,206756
2770,2018,84510
2771,2018,35848682
2772,2018,300961
2773,2018,6009299
2774,2018,488447
2775,2018,1671440
2776,2018,511199
2777,2018,208252
2778,2018,30210
2779,2018,224777
2780,2018,19185
2781,2018,16361
2782,2018,46783
2783,2018,19202
2784,2018,4757976
2785,2018,59320
2786,2018,28558
2787,2018,17662
2788,2018,16037
2789,2018,961375
2790,2018,27652
2791,2018,75043
2792,2018,68381
2793,2018,20345
2794,2018,4832090
2795,2018,70033
2796,2018,3519382
2797,2018,15955
2798,2018,15912
2799,2018,14817
2800,2018,4708915
2801,2018,24581
2802,2018,415881
2803,2018,2656698
2804,2018,165205
2805,2018,4414392
2806,2018,80518
2807,2018,30791
2808,2018,43521
2809,2018,24673
2810,2018,65209
2811,2018,103738
2812,2018,73278
2813,2018,21784
2814,2018,10783311
2815,2018,80532
2816,2018,18738
2817,2018,143476
2818,2018,146381
2819,2018,77175
2820,2018,207497
2821,2018,110604
2822,2018,89644
2823,2018,38837
2824,2018,106987
2825,2018,913948
2826,2018,37450
2827,2018,6179593
2828,2018,24197
2829,2018,221458
2830,2018,37543
2831,2018,1581350
2832,2018,45532
2833,2018,22514286
2834,2018,22670
2835,2018,44309
2836,2018,494087
2837,2018,1161676
2838,2018,185757
2839,2018,22466
2840,2018,44806
2841,2018,17523
2842,2018,376171
2843,2018,91720
2844,2018,95492
2845,2018,119125
2846,2018,122450
2847,2018,23132
2848,2018,26153
2849,2018,56048
2850,2018,362239
2851,2018,21994
2852,2018,549759
2853,2018,135265
2854,2018,7904
2855,2018,19956
2856,2019,53909
2857,2019,24809
2858,2019,32955
2859,2019,37628
2860,2019,10062
2861,2019,27775
2862,2019,463352
2863,2019,83321
2864,2019,30632
2865,2019,166441
2866,2019,26528
2867,2019,224595
2868,2019,16145
2869,2019,34321
2870,2019,19472
2871,2019,15862
2872,2019,32171
2873,2019,110408
2874,2019,13493
2875,2019,47279
2876,2019,36504
2877,2019,82482
2878,2019,38475
2879,2019,22361
2880,2019,17008
2881,2019,17601
2882,2019,29178
2883,2019,83394
2884,2019,51233
2885,2019,17133
2886,2019,27908
2887,2019,102123
2888,2019,15241
2889,2019,23245
2890,2019,66199
2891,2019,19939
2892,2019,161821
2893,2019,33005
2894,2019,21556
2895,2019,38143
2896,2019,72757
2897,2019,19416
2898,2019,13653
2899,2019,23709
2900,2019,27583
2901,2019,18026
2902,2019,28179
2903,2019,41914
2904,2019,26781
2905,2019,13023
2906,2019,27986
2907,2019,67773
2908,2019,17114
2909,2019,253032
2910,2019,73387
2911,2019,20747
2912,2019,84202
2913,2019,17288
2914,2019,42799
2915,2019,18493
2916,2019,16238
2917,2019,103541
2918,2019,19499
2919,2019,42110
2920,2019,19969
2921,2019,17305
2922,2019,56968
2923,2019,18387
2924,2019,85293
2925,2019,13408
2926,2019,12872
2927,2019,15845
2928,2019,18293
2929,2019,58209
2930,2019,35275
2931,2019,17323
2932,2019,27984
2933,2019,61345
2934,2019,133592
2935,2019,14393
2936,2019,22073
2937,2019,16753
2938,2019,5129
2939,2019,16786
2940,2019,20177
2941,2019,62495
2942,2019,16245
2943,2019,14996
2944,2019,16761
2945,2019,34146
2946,2019,17843
2947,2019,27447
2948,2019,16962
2949,2019,29580
2950,2019,18847
2951,2019,13897
2952,2019,1221403
2953,2019,64376
2954,2019,16597
2955,2019,58506
2956,2019,26816
2957,2019,17215
2958,2019,29281
2959,2019,33325
2960,2019,12579
2961,2019,22849
2962,2019,82887
2963,2019,20247
2964,2019,137433
2965,2019,23184
2966,2019,17279
2967,2019,75866
2968,2019,67537
2969,2019,553372
2970,2019,13532
2971,2019,114548
2972,2019,7467
2973,2019,17455
2974,2019,13309
2975,2019,14365
2976,2019,20481
2977,2019,1770697
2978,2019,17177
2979,2019,31156
2980,2019,21274
2981,2019,191904
2982,2019,49175
2983,2019,21886
2984,2019,25640
2985,2019,145145
2986,2019,28841
2987,2019,49430
2988,2019,68400
2989,2019,68206
2990,2019,17953
2991,2019,35473
2992,2019,25929
2993,2019,165468
2994,2019,81240
2995,2019,19811
2996,2019,166483
2997,2019,38240
2998,2019,17578
2999,2019,20662
3000,2019,522657
3001,2019,46742
3002,2019,281322
3003,2019,146181
3004,2019,102666
3005,2019,73708
3006,2019,25517
3007,2019,52050
3008,2019,41316
3009,2019,22825
3010,2019,20979
3011,2019,17598
3012,2019,33551
3013,2019,9460
3014,2019,4660
3015,2019,34838
3016,2019,19079
3017,2019,13694
3018,2019,15165
3019,2019,86423
3020,2019,13282
3021,2019,62108
3022,2019,30223
3023,2019,6215067
3024,2019,12761
3025,2019,27484
3026,2019,19171
3027,2019,15753
3028,2019,29283
3029,2019,30000
3030,2019,15484
3031,2019,29029
3032,2019,157273
3033,2019,19713
3034,2019,21081
3035,2019,25252
3036,2019,39831
3037,2019,18484
3038,2019,42730
3039,2019,104559
3040,2019,37626
3041,2019,24659
3042,2019,91186
3043,2019,42696
3044,2019,23740
3045,2019,51898
3046,2019,207845
3047,2019,13119
3048,2019,15026
3049,2019,17261
3050,2019,202438
3051,2019,45372
3052,2019,233468
3053,2019,28694
3054,2019,20475
3055,2019,21853
3056,2019,44317
3057,2019,32818
3058,2019,17088
3059,2019,32668
3060,2019,19292
3061,2019,28528
3062,2019,19619
3063,2019,25587
3064,2019,87431
3065,2019,33123
3066,2019,47727
3067,2019,17566
3068,2019,19514
3069,2019,17422
3070,2019,133713
3071,2019,63751
3072,2019,18392
3073,2019,24634
3074,2019,107488
3075,2019,1049651
3076,2019,124507
3077,2019,119446
3078,2019,96095
3079,2019,149171
3080,2019,28804
3081,2019,28094
3082,2019,22117
3083,2019,21774
3084,2019,28388
3085,2019,14296
3086,2019,53049
3087,2019,214842
3088,2019,419898
3089,2019,108706
3090,2019,1771569
3091,2019,31809
3092,2019,28914
3093,2019,20593
3094,2019,25710
3095,2019,307858
3096,2019,1102019
3097,2019,17811
3098,2019,14967
3099,2019,9603008
3100,2019,19390
3101,2019,281170
3102,2019,23894
3103,2019,191567
3104,2019,1580187
3105,2019,43931
3106,2019,18189
3107,2019,83701
3108,2019,16429
3109,2019,40159
3110,2019,17491
3111,2019,19764
3112,2019,19711
3113,2019,16266
3114,2019,26633
3115,2019,18932
3116,2019,17169
3117,2019,60789
3118,2019,26793
3119,2019,34590
3120,2019,92902
3121,2019,45691
3122,2019,26383
3123,2019,67146
3124,2019,17262
3125,2019,85943
3126,2019,25914
3127,2019,17257
3128,2019,91442
3129,2019,21688
3130,2019,3845243
3131,2019,20269
3132,2019,119488
3133,2019,23476
3134,2019,170861
3135,2019,56444
3136,2019,70338
3137,2019,51511
3138,2019,21425
3139,2019,170356
3140,2019,18678
3141,2019,87988
3142,2019,82011
3143,2019,137801
3144,2019,17476
3145,2019,37227
3146,2019,139736
3147,2019,18142
3148,2019,19902
3149,2019,46945
3150,2019,21532
3151,2019,81078
3152,2019,2262584
3153,2019,43163
3154,2019,60757
3155,2019,18760
3156,2019,20957
3157,2019,165765
3158,2019,96258
3159,2019,3513962
3160,2019,251038
3161,2019,251682
3162,2019,868690
3163,2019,741639
3164,2019,48090
3165,2019,704344
3166,2019,24753
3167,2019,24777
3168,2019,118861
3169,2019,405528
3170,2019,1749462
3171,2019,158052
3172,2019,17629
3173,2019,102635
3174,2019,85767
3175,2019,74248
3176,2019,65831
3177,2019,22874
3178,2019,71534
3179,2019,248396
3180,2019,18520
3181,2019,213999
3182,2019,283126
3183,2019,30321
3184,2019,96329
3185,2019,29160
3186,2019,65402
3187,2019,635323
3188,2019,922598
3189,2019,100657
3190,2019,758628
3191,2019,139948
3192,2019,34172
3193,2019,32295
3194,2019,236180
3195,2019,109753
3196,2019,536073
3197,2019,28601
3198,2019,822516
3199,2019,132429
3200,2019,127334
3201,2019,15611
3202,2019,53499
3203,2019,21690
3204,2019,141768
3205,2019,5027
3206,2019,444610
3207,2019,25032
3208,2019,62817
3209,2019,19304
3210,2019,52164
3211,2019,350953
3212,2019,18205
3213,2019,110182
3214,2019,18598
3215,2019,23730
3216,2019,23898
3217,2019,30330
3218,2019,17850
3219,2019,263121
3220,2019,23233
3221,2019,31251
3222,2019,70217
3223,2019,17070
3224,2019,1548056
3225,2019,35412
3226,2019,374031
3227,2019,74329
3228,2019,22274
3229,2019,195034
3230,2019,25976
3231,2019,14351
3232,2019,594122
3233,2019,47606
3234,2019,18009
3235,2019,14806
3236,2019,127476
3237,2019,631712
3238,2019,28016
3239,2019,34440
3240,2019,1878669
3241,2019,9690
3242,2019,2099932
3243,2019,7332
3244,2019,127105
3245,2019,260906
3246,2019,414927
3247,2019,119505
3248,2019,20235
3249,2019,16807
3250,2019,19468
3251,2019,11977
3252,2019,15546
3253,2019,13927
3254,2019,27596
3255,2019,427559
3256,2019,45593
3257,2019,102336
3258,2019,18386
3259,2019,16542
3260,2019,292829
3261,2019,16565
3262,2019,20283
3263,2019,51258
3264,2019,13313
3265,2019,117212
3266,2019,22695
3267,2019,37982
3268,2019,17278
3269,2019,112186
3270,2019,251642
3271,2019,29122
3272,2019,1211145
3273,2019,20322
3274,2019,33878
3275,2019,34840
3276,2019,38638
3277,2019,67514
3278,2019,165774
3279,2019,752446
3280,2019,82986
3281,2019,308611
3282,2019,669736
3283,2019,69591
3284,2019,122872
3285,2019,148597
3286,2019,67719
3287,2019,6801357
3288,2019,112414
3289,2019,92541
3290,2019,28762
3291,2019,544634
3292,2019,115233
3293,2019,29619
3294,2019,22692
3295,2019,50621
3296,2019,174468
3297,2019,217128
3298,2019,252241
3299,2019,7982
3300,2019,17169
3301,2019,22075
3302,2019,20324
3303,2019,30201
3304,2019,16241
3305,2019,74290
3306,2019,14232
3307,2019,209425
3308,2019,27755
3309,2019,18456
3310,2019,87741
3311,2019,178048
3312,2019,40667
3313,2019,37910
3314,2019,18429
3315,2019,20767
3316,2019,834474
3317,2019,16906
3318,2019,163404
3319,2019,24471
3320,2019,18178
3321,2019,65040
3322,2019,118940
3323,2019,165136
3324,2019,168109
3325,2019,18531
3326,2019,15469
3327,2019,22331
3328,2019,31236
3329,2019,92094
3330,2019,123415
3331,2019,87752
3332,2019,25780
3333,2019,24152
3334,2019,91755
3335,2019,201523
3336,2019,18215
3337,2019,22796
3338,2019,4790723
3339,2019,125756
3340,2019,119791
3341,2019,74600
3342,2019,536928
3343,2019,97073
3344,2019,442593
3345,2019,11131587
3346,2019,326915
3347,2019,13253
3348,2019,41522
3349,2019,19786
3350,2019,17454
3351,2019,111485
3352,2019,78689
3353,2019,16143
3354,2019,98591
3355,2019,20006
3356,2019,15152
3357,2019,34928
3358,2019,101125
3359,2019,30562
3360,2019,22733
3361,2019,165194
3362,2019,7065280
3363,2019,35620
3364,2019,17471
3365,2019,18345
3366,2019,20447
3367,2019,28856
3368,2019,15122
3369,2019,22154
3370,2019,17879
3371,2019,35013
3372,2019,22998
3373,2019,7766
3374,2019,19590
3375,2019,662795
3376,2019,15750
3377,2019,15128
3378,2019,85422
3379,2019,86156
3380,2019,16587
3381,2019,41712
3382,2019,253603
3383,2019,66913
3384,2019,1401505
3385,2019,56082
3386,2019,12569
3387,2019,65681
3388,2019,24535
3389,2019,29544
3390,2019,69727
3391,2019,248562
3392,2019,36942
3393,2019,201071
3394,2019,232190
3395,2019,16975
3396,2019,5141719
3397,2019,73595
3398,2019,18225
3399,2019,27254
3400,2019,38609
3401,2019,25959
3402,2019,25935
3403,2019,128871
3404,2019,2742
3405,2019,155722
3406,2019,15993
3407,2019,48530
3408,2019,311816
3409,2019,27697
3410,2019,19238
3411,2019,35722
3412,2019,48159
3413,2019,156673
3414,2019,32433
3415,2019,1474771
3416,2019,167142
3417,2019,179869
3418,2019,17499
3419,2019,46666
3420,2019,46317
3421,2019,23821
3422,2019,39995
3423,2019,56053
3424,2019,41959
3425,2019,115047
3426,2019,212791
3427,2019,101702
3428,2019,88724
3429,2019,89345
3430,2019,16491
3431,2019,25936
3432,2019,29007
3433,2019,15047
3434,2019,14467
3435,2019,33528
3436,2019,98736
3437,2019,9796
3438,2019,22083
3439,2019,18048
3440,2019,20892
3441,2019,54019
3442,2019,10794303
3443,2019,125522
3444,2019,43837
3445,2019,88096
3446,2019,82932
3447,2019,2544530
3448,2019,14365
3449,2019,33709
3450,2019,14042
3451,2019,76
3452,2019,38261
3453,2019,2471660
3454,2019,472979
3455,2019,373090
3456,2019,84053
3457,2019,27268
3458,2019,47736
3459,2019,14264
3460,2019,122182
3461,2019,105733
3462,2019,153450
3463,2019,210470
3464,2019,20502
3465,2019,122666
3466,2019,72830
3467,2019,38033
3468,2019,24277
3469,2019,134801
3470,2019,25790
3471,2019,752079
3472,2019,178311
3473,2019,246868
3474,2019,357560
3475,2019,761517
3476,2019,10849
3477,2019,32869
3478,2019,32899
3479,2019,635596
3480,2019,781894
3481,2019,7248678
3482,2019,28536
3483,2019,2880322
3484,2019,3207910
3485,2019,508742
3486,2019,1005576
3487,2019,286940
3488,2019,4261189
3489,2019,32848
3490,2019,27207
3491,2019,207229
3492,2019,209317
3493,2019,832324
3494,2019,89450
3495,2019,16878
3496,2019,251149
3497,2019,19531
3498,2019,23762
3499,2019,18278
3500,2019,26641
3501,2019,516024
3502,2019,24365
3503,2019,22284
3504,2019,125309
3505,2019,5885435
3506,2019,1098879
3507,2019,316552
3508,2019,685017
3509,2019,69699
3510,2019,80498
3511,2019,3652762
3512,2019,17915
3513,2019,15894
3514,2019,17076
3515,2019,22603
3516,2019,11412
3517,2019,104533
3518,2019,119178
3519,2019,104363
3520,2019,13174
3521,2019,52276
3522,2019,474700
3523,2019,103387
3524,2019,18819
3525,2019,2136152
3526,2019,16542
3527,2019,141227
3528,2019,359502
3529,2019,28033
3530,2019,114017
3531,2019,169296
3532,2019,17370
3533,2019,14503
3534,2019,31976
3535,2019,306355
3536,2019,458655
3537,2019,170280
3538,2019,24732
3539,2019,53554
3540,2019,179157
3541,2019,360497
3542,2019,17698
3543,2019,202435
3544,2019,65118
3545,2019,22981
3546,2019,22933
3547,2019,52152
3548,2019,22974
3549,2019,71300
3550,2019,16333
3551,2019,31227
3552,2019,22016
3553,2019,51614
3554,2019,129365
3555,2019,33735
3556,2019,91275
3557,2019,131334
3558,2019,221022
3559,2019,401611
3560,2019,76128
3561,2019,261719
3562,2019,392384
3563,2019,35947
3564,2019,8530
3565,2019,15627
3566,2019,80544
3567,2019,20169
3568,2019,113045
3569,2019,43977
3570,2019,27634
3571,2019,93029
3572,2019,32088
3573,2019,146381
3574,2019,36323
3575,2019,55851
3576,2019,29352
3577,2019,21557
3578,2019,192353
3579,2019,194941
3580,2019,23648
3581,2019,31444
3582,2019,34556
3583,2019,316197
3584,2019,26629
3585,2019,228824
3586,2019,44909
3587,2019,11083
3588,2019,18466
3589,2019,15794
3590,2019,85067
3591,2019,20161
3592,2019,684838
3593,2019,130160
3594,2019,21935
3595,2019,16303
3596,2019,172204
3597,2019,148536
3598,2019,398655
3599,2019,20981
3600,2019,36957
3601,2019,33468
3602,2019,43700
3603,2019,28831
3604,2019,62886
3605,2019,239592
3606,2019,29135
3607,2019,19128
3608,2019,777996
3609,2019,2695796
3610,2019,17491
3611,2019,30126
3612,2019,9118
3613,2019,86026
3614,2019,51499
3615,2019,961073
3616,2019,150603
3617,2019,281946
3618,2019,144906
3619,2019,511368
3620,2019,36920
3621,2019,34739
3622,2019,29320
3623,2019,28909
3624,2019,97469
3625,2019,206244
3626,2019,19801
3627,2019,30131
3628,2019,157708
3629,2019,164361
3630,2019,27360
3631,2019,1585974
3632,2019,27058
3633,2019,38278
3634,2019,5209
3635,2019,515608
3636,2019,8517502
3637,2019,1163931
3638,2019,64363
3639,2019,80023
3640,2019,10418
3641,2019,138403
3642,2019,177505
3643,2019,64470
3644,2019,47069
3645,2019,512169
3646,2019,22521
3647,2019,94931
3648,2019,99660
3649,2019,2157706
3650,2019,33047
3651,2019,173182
3652,2019,82936
3653,2019,857587
3654,2019,101061
3655,2019,1134293
3656,2019,52994
3657,2019,37608
3658,2019,431140
3659,2019,541564
3660,2019,138023
3661,2019,134251
3662,2019,37984
3663,2019,338012
3664,2019,81481198
3665,2019,62618
3666,2019,2418188
3667,2019,16353
3668,2019,213876
3669,2019,136349
3670,2019,130185
3671,2019,68548
3672,2019,160065
3673,2019,32848
3674,2019,391234
3675,2019,27409
3676,2019,18581
3677,2019,16201
3678,2019,58320
3679,2019,20632
3680,2019,21302
3681,2019,2413463
3682,2019,8047242
3683,2019,19533
3684,2019,26186
3685,2019,12299
3686,2019,86475
3687,2019,103475
3688,2019,18779
3689,2019,273240
3690,2019,151920
3691,2019,23067
3692,2019,61548
3693,2019,215362
3694,2019,37400
3695,2019,121146
3696,2019,1014854
3697,2019,29308
3698,2019,19700
3699,2019,18235
3700,2019,91469
3701,2019,30449
3702,2019,647942
3703,2019,161368
3704,2019,252979
3705,2019,56706
3706,2019,30356
3707,2019,50926
3708,2019,312358
3709,2019,23869
3710,2019,22773
3711,2019,580077
3712,2019,113137
3713,2019,3045
3714,2019,80636
3715,2019,28939
3716,2019,72304
3717,2019,1015035
3718,2019,14485
3719,2019,33937
3720,2019,105377
3721,2019,636665
3722,2019,124091
3723,2019,15046
3724,2019,20996
3725,2019,16151
3726,2019,13919
3727,2019,131344
3728,2019,1110627
3729,2019,207009
3730,2019,17984
3731,2019,290566
3732,2019,15148
3733,2019,21889
3734,2019,26190
3735,2019,16187
3736,2019,11506
3737,2019,8936
3738,2019,204865
3739,2019,4556
3740,2019,20607
3741,2019,21858
3742,2019,153818
3743,2019,4303651
3744,2019,34738
3745,2019,19890
3746,2019,80003
3747,2019,80016
3748,2019,1521222
3749,2019,25148
3750,2019,127770
3751,2019,4897849
3752,2019,1482850
3753,2019,1067787
3754,2019,169659
3755,2019,124085
3756,2019,10193
3757,2019,41299
3758,2019,30126
3759,2019,42098
3760,2019,142910
3761,2019,27534
3762,2019,48573
3763,2019,61385
3764,2019,97789
3765,2019,39398
3766,2019,173213
3767,2019,78104
3768,2019,76882
3769,2019,21741
3770,2019,667148
3771,2019,73827
3772,2019,39151
3773,2019,17467
3774,2019,76505
3775,2019,20459
3776,2019,18332
3777,2019,53399748
3778,2019,36670122
3779,2019,110207
3780,2019,32328
3781,2019,276218
3782,2019,39001786
3783,2019,15274
3784,2019,642805
3785,2019,17961
3786,2019,34673737
3787,2019,20604
3788,2019,20679
3789,2019,3112732
3790,2019,727449
3791,2019,129619
3792,2019,6027
3793,2019,25806
3794,2019,50513
3795,2019,13405
3796,2019,161923
3797,2019,81301
3798,2019,19408
3799,2019,264272
3800,2019,33987
3801,2019,96243
3802,2019,133022
3803,2019,83291
3804,2019,1101428
3805,2019,18105
3806,2019,252490
3807,2019,10990
3808,2019,201718
3809,2019,7647
3810,2019,75777
3811,2019,34269302
3812,2019,231996
3813,2019,5635192
3814,2019,399219
3815,2019,1604502
3816,2019,490048
3817,2019,201215
3818,2019,29585
3819,2019,222080
3820,2019,20115
3821,2019,17244
3822,2019,48354
3823,2019,17773
3824,2019,4976101
3825,2019,61766
3826,2019,28427
3827,2019,15984
3828,2019,16924
3829,2019,15523
3830,2019,952466
3831,2019,13643
3832,2019,101776
3833,2019,16873
3834,2019,61379
3835,2019,20568
3836,2019,4381568
3837,2019,71704
3838,2019,17221
3839,2019,3891857
3840,2019,15025
3841,2019,14635
3842,2019,12398
3843,2019,4683585
3844,2019,25802
3845,2019,455267
3846,2019,166978
3847,2019,4247696
3848,2019,74827
3849,2019,29920
3850,2019,48140
3851,2019,24537
3852,2019,75866
3853,2019,99878
3854,2019,73624
3855,2019,15579
3856,2019,10835566
3857,2019,77723
3858,2019,20308
3859,2019,155945
3860,2019,155864
3861,2019,74737
3862,2019,240687
3863,2019,104420
3864,2019,38632
3865,2019,201678
3866,2019,35203
3867,2019,39075
3868,2019,7125337
3869,2019,23743
3870,2019,201138
3871,2019,34582
3872,2019,1581941
3873,2019,22245165
3874,2019,22534
3875,2019,43009
3876,2019,509780
3877,2019,938783
3878,2019,187504
3879,2019,18291
3880,2019,36306
3881,2019,15542
3882,2019,446829
3883,2019,85665
3884,2019,112627
3885,2019,122752
3886,2019,24074
3887,2019,23765
3888,2019,290427
3889,2019,51603
3890,2019,209569
3891,2019,380722
3892,2019,849023
3893,2019,23041
3894,2019,468850
3895,2019,135302
3896,2019,20470
3897,2019,53909
3898,2019,24809
3899,2019,32955
3900,2019,37628
3901,2019,10062
3902,2019,27775
3903,2019,463352
3904,2019,83321
3905,2019,30632
3906,2019,166441
3907,2019,26528
3908,2019,224595
3909,2019,16145
3910,2019,34321
3911,2019,19472
3912,2019,15862
3913,2019,32171
3914,2019,110408
3915,2019,13493
3916,2019,47279
3917,2019,36504
3918,2019,82482
3919,2019,38475
3920,2019,22361
3921,2019,17008
3922,2019,17601
3923,2019,29178
3924,2019,83394
3925,2019,51233
3926,2019,17133
3927,2019,27908
3928,2019,102123
3929,2019,15241
3930,2019,23245
3931,2019,66199
3932,2019,19939
3933,2019,161821
3934,2019,33005
3935,2019,21556
3936,2019,38143
3937,2019,72757
3938,2019,19416
3939,2019,13653
3940,2019,23709
3941,2019,27583
3942,2019,18026
3943,2019,28179
3944,2019,41914
3945,2019,26781
3946,2019,13023
3947,2019,27986
3948,2019,67773
3949,2019,17114
3950,2019,253032
3951,2019,73387
3952,2019,20747
3953,2019,84202
3954,2019,17288
3955,2019,42799
3956,2019,18493
3957,2019,16238
3958,2019,103541
3959,2019,19499
3960,2019,42110
3961,2019,19969
3962,2019,17305
3963,2019,56968
3964,2019,18387
3965,2019,85293
3966,2019,13408
3967,2019,12872
3968,2019,15845
3969,2019,18293
3970,2019,58209
3971,2019,35275
3972,2019,17323
3973,2019,27984
3974,2019,61345
3975,2019,133592
3976,2019,14393
3977,2019,22073
3978,2019,16753
3979,2019,5129
3980,2019,16786
3981,2019,20177
3982,2019,62495
3983,2019,16245
3984,2019,14996
3985,2019,16761
3986,2019,34146
3987,2019,17843
3988,2019,27447
3989,2019,16962
3990,2019,29580
3991,2019,18847
3992,2019,13897
3993,2019,1221403
3994,2019,64376
3995,2019,16597
3996,2019,58506
3997,2019,26816
3998,2019,17215
3999,2019,29281
4000,2019,33325
4001,2019,12579
4002,2019,22849
4003,2019,82887
4004,2019,20247
4005,2019,137433
4006,2019,23184
4007,2019,17279
4008,2019,75866
4009,2019,67537
4010,2019,553372
4011,2019,13532
4012,2019,114548
4013,2019,7467
4014,2019,17455
4015,2019,13309
4016,2019,14365
4017,2019,20481
4018,2019,1770697
4019,2019,17177
4020,2019,31156
4021,2019,21274
4022,2019,191904
4023,2019,49175
4024,2019,21886
4025,2019,25640
4026,2019,145145
4027,2019,28841
4028,2019,49430
4029,2019,68400
4030,2019,68206
4031,2019,17953
4032,2019,35473
4033,2019,25929
4034,2019,165468
4035,2019,81240
4036,2019,19811
4037,2019,166483
4038,2019,38240
4039,2019,17578
4040,2019,20662
4041,2019,522657
4042,2019,46742
4043,2019,281322
4044,2019,146181
4045,2019,102666
4046,2019,73708
4047,2019,25517
4048,2019,52050
4049,2019,41316
4050,2019,22825
4051,2019,20979
4052,2019,17598
4053,2019,33551
4054,2019,9460
4055,2019,4660
4056,2019,34838
4057,2019,19079
4058,2019,13694
4059,2019,15165
4060,2019,86423
4061,2019,13282
4062,2019,62108
4063,2019,30223
4064,2019,6215067
4065,2019,12761
4066,2019,27484
4067,2019,19171
4068,2019,15753
4069,2019,29283
4070,2019,30000
4071,2019,15484
4072,2019,29029
4073,2019,157273
4074,2019,19713
4075,2019,21081
4076,2019,25252
4077,2019,39831
4078,2019,18484
4079,2019,42730
4080,2019,104559
4081,2019,37626
4082,2019,24659
4083,2019,91186
4084,2019,42696
4085,2019,23740
4086,2019,51898
4087,2019,207845
4088,2019,13119
4089,2019,15026
4090,2019,17261
4091,2019,202438
4092,2019,45372
4093,2019,233468
4094,2019,28694
4095,2019,20475
4096,2019,21853
4097,2019,44317
4098,2019,32818
4099,2019,17088
4100,2019,32668
4101,2019,19292
4102,2019,28528
4103,2019,19619
4104,2019,25587
4105,2019,87431
4106,2019,33123
4107,2019,47727
4108,2019,17566
4109,2019,19514
4110,2019,17422
4111,2019,133713
4112,2019,63751
4113,2019,18392
4114,2019,24634
4115,2019,107488
4116,2019,1049651
4117,2019,124507
4118,2019,119446
4119,2019,96095
4120,2019,149171
4121,2019,28804
4122,2019,28094
4123,2019,22117
4124,2019,21774
4125,2019,28388
4126,2019,14296
4127,2019,53049
4128,2019,214842
4129,2019,419898
4130,2019,108706
4131,2019,1771569
4132,2019,31809
4133,2019,28914
4134,2019,20593
4135,2019,25710
4136,2019,307858
4137,2019,1102019
4138,2019,17811
4139,2019,14967
4140,2019,9603008
4141,2019,19390
4142,2019,281170
4143,2019,23894
4144,2019,191567
4145,2019,1580187
4146,2019,43931
4147,2019,18189
4148,2019,83701
4149,2019,16429
4150,2019,40159
4151,2019,17491
4152,2019,19764
4153,2019,19711
4154,2019,16266
4155,2019,26633
4156,2019,18932
4157,2019,17169
4158,2019,60789
4159,2019,26793
4160,2019,34590
4161,2019,92902
4162,2019,45691
4163,2019,26383
4164,2019,67146
4165,2019,17262
4166,2019,85943
4167,2019,25914
4168,2019,17257
4169,2019,91442
4170,2019,21688
4171,2019,3845243
4172,2019,20269
4173,2019,119488
4174,2019,23476
4175,2019,170861
4176,2019,56444
4177,2019,70338
4178,2019,51511
4179,2019,21425
4180,2019,170356
4181,2019,18678
4182,2019,87988
4183,2019,82011
4184,2019,137801
4185,2019,17476
4186,2019,37227
4187,2019,139736
4188,2019,18142
4189,2019,19902
4190,2019,46945
4191,2019,21532
4192,2019,81078
4193,2019,2262584
4194,2019,43163
4195,2019,60757
4196,2019,18760
4197,2019,20957
4198,2019,165765
4199,2019,96258
4200,2019,3513962
4201,2019,251038
4202,2019,251682
4203,2019,868690
4204,2019,741639
4205,2019,48090
4206,2019,704344
4207,2019,24753
4208,2019,24777
4209,2019,118861
4210,2019,405528
4211,2019,1749462
4212,2019,158052
4213,2019,17629
4214,2019,102635
4215,2019,85767
4216,2019,74248
4217,2019,65831
4218,2019,22874
4219,2019,71534
4220,2019,248396
4221,2019,18520
4222,2019,213999
4223,2019,283126
4224,2019,30321
4225,2019,96329
4226,2019,29160
4227,2019,65402
4228,2019,635323
4229,2019,922598
4230,2019,100657
4231,2019,758628
4232,2019,139948
4233,2019,34172
4234,2019,32295
4235,2019,236180
4236,2019,109753
4237,2019,536073
4238,2019,28601
4239,2019,822516
4240,2019,132429
4241,2019,127334
4242,2019,15611
4243,2019,53499
4244,2019,21690
4245,2019,141768
4246,2019,5027
4247,2019,444610
4248,2019,25032
4249,2019,62817
4250,2019,19304
4251,2019,52164
4252,2019,350953
4253,2019,18205
4254,2019,110182
4255,2019,18598
4256,2019,23730
4257,2019,23898
4258,2019,30330
4259,2019,17850
4260,2019,263121
4261,2019,23233
4262,2019,31251
4263,2019,70217
4264,2019,17070
4265,2019,1548056
4266,2019,35412
4267,2019,374031
4268,2019,74329
4269,2019,22274
4270,2019,195034
4271,2019,25976
4272,2019,14351
4273,2019,594122
4274,2019,47606
4275,2019,18009
4276,2019,14806
4277,2019,127476
4278,2019,631712
4279,2019,28016
4280,2019,34440
4281,2019,1878669
4282,2019,9690
4283,2019,2099932
4284,2019,7332
4285,2019,127105
4286,2019,260906
4287,2019,414927
4288,2019,119505
4289,2019,20235
4290,2019,16807
4291,2019,19468
4292,2019,11977
4293,2019,15546
4294,2019,13927
4295,2019,27596
4296,2019,427559
4297,2019,45593
4298,2019,102336
4299,2019,18386
4300,2019,16542
4301,2019,292829
4302,2019,16565
4303,2019,20283
4304,2019,51258
4305,2019,13313
4306,2019,117212
4307,2019,22695
4308,2019,37982
4309,2019,17278
4310,2019,112186
4311,2019,251642
4312,2019,29122
4313,2019,1211145
4314,2019,20322
4315,2019,33878
4316,2019,34840
4317,2019,38638
4318,2019,67514
4319,2019,165774
4320,2019,752446
4321,2019,82986
4322,2019,308611
4323,2019,669736
4324,2019,69591
4325,2019,122872
4326,2019,148597
4327,2019,67719
4328,2019,6801357
4329,2019,112414
4330,2019,92541
4331,2019,28762
4332,2019,544634
4333,2019,115233
4334,2019,29619
4335,2019,22692
4336,2019,50621
4337,2019,174468
4338,2019,217128
4339,2019,252241
4340,2019,7982
4341,2019,17169
4342,2019,22075
4343,2019,20324
4344,2019,30201
4345,2019,16241
4346,2019,74290
4347,2019,14232
4348,2019,209425
4349,2019,27755
4350,2019,18456
4351,2019,87741
4352,2019,178048
4353,2019,40667
4354,2019,37910
4355,2019,18429
4356,2019,20767
4357,2019,834474
4358,2019,16906
4359,2019,163404
4360,2019,24471
4361,2019,18178
4362,2019,65040
4363,2019,118940
4364,2019,165136
4365,2019,168109
4366,2019,18531
4367,2019,15469
4368,2019,22331
4369,2019,31236
4370,2019,92094
4371,2019,123415
4372,2019,87752
4373,2019,25780
4374,2019,24152
4375,2019,91755
4376,2019,201523
4377,2019,18215
4378,2019,22796
4379,2019,4790723
4380,2019,125756
4381,2019,119791
4382,2019,74600
4383,2019,536928
4384,2019,97073
4385,2019,442593
4386,2019,11131587
4387,2019,326915
4388,2019,13253
4389,2019,41522
4390,2019,19786
4391,2019,17454
4392,2019,111485
4393,2019,78689
4394,2019,16143
4395,2019,98591
4396,2019,20006
4397,2019,15152
4398,2019,34928
4399,2019,101125
4400,2019,30562
4401,2019,22733
4402,2019,165194
4403,2019,7065280
4404,2019,35620
4405,2019,17471
4406,2019,18345
4407,2019,20447
4408,2019,28856
4409,2019,15122
4410,2019,22154
4411,2019,17879
4412,2019,35013
4413,2019,22998
4414,2019,7766
4415,2019,19590
4416,2019,662795
4417,2019,15750
4418,2019,15128
4419,2019,85422
4420,2019,86156
4421,2019,16587
4422,2019,41712
4423,2019,253603
4424,2019,66913
4425,2019,1401505
4426,2019,56082
4427,2019,12569
4428,2019,65681
4429,2019,24535
4430,2019,29544
4431,2019,69727
4432,2019,248562
4433,2019,36942
4434,2019,201071
4435,2019,232190
4436,2019,16975
4437,2019,5141719
4438,2019,73595
4439,2019,18225
4440,2019,27254
4441,2019,38609
4442,2019,25959
4443,2019,25935
4444,2019,128871
4445,2019,2742
4446,2019,155722
4447,2019,15993
4448,2019,48530
4449,2019,311816
4450,2019,27697
4451,2019,19238
4452,2019,35722
4453,2019,48159
4454,2019,156673
4455,2019,32433
4456,2019,1474771
4457,2019,167142
4458,2019,179869
4459,2019,17499
4460,2019,46666
4461,2019,46317
4462,2019,23821
4463,2019,39995
4464,2019,56053
4465,2019,41959
4466,2019,115047
4467,2019,212791
4468,2019,101702
4469,2019,88724
4470,2019,89345
4471,2019,16491
4472,2019,25936
4473,2019,29007
4474,2019,15047
4475,2019,14467
4476,2019,33528
4477,2019,98736
4478,2019,9796
4479,2019,22083
4480,2019,18048
4481,2019,20892
4482,2019,54019
4483,2019,10794303
4484,2019,125522
4485,2019,43837
4486,2019,88096
4487,2019,82932
4488,2019,2544530
4489,2019,14365
4490,2019,33709
4491,2019,14042
4492,2019,76
4493,2019,38261
4494,2019,2471660
4495,2019,472979
4496,2019,373090
4497,2019,84053
4498,2019,27268
4499,2019,47736
4500,2019,14264
4501,2019,122182
4502,2019,105733
4503,2019,153450
4504,2019,210470
4505,2019,20502
4506,2019,122666
4507,2019,72830
4508,2019,38033
4509,2019,24277
4510,2019,134801
4511,2019,25790
4512,2019,752079
4513,2019,178311
4514,2019,246868
4515,2019,357560
4516,2019,761517
4517,2019,10849
4518,2019,32869
4519,2019,32899
4520,2019,635596
4521,2019,781894
4522,2019,7248678
4523,2019,28536
4524,2019,2880322
4525,2019,3207910
4526,2019,508742
4527,2019,1005576
4528,2019,286940
4529,2019,4261189
4530,2019,32848
4531,2019,27207
4532,2019,207229
4533,2019,209317
4534,2019,832324
4535,2019,89450
4536,2019,16878
4537,2019,251149
4538,2019,19531
4539,2019,23762
4540,2019,18278
4541,2019,26641
4542,2019,516024
4543,2019,24365
4544,2019,22284
4545,2019,125309
4546,2019,5885435
4547,2019,1098879
4548,2019,316552
4549,2019,685017
4550,2019,69699
4551,2019,80498
4552,2019,3652762
4553,2019,17915
4554,2019,15894
4555,2019,17076
4556,2019,22603
4557,2019,11412
4558,2019,104533
4559,2019,119178
4560,2019,104363
4561,2019,13174
4562,2019,52276
4563,2019,474700
4564,2019,103387
4565,2019,18819
4566,2019,2136152
4567,2019,16542
4568,2019,141227
4569,2019,359502
4570,2019,28033
4571,2019,114017
4572,2019,169296
4573,2019,17370
4574,2019,14503
4575,2019,31976
4576,2019,306355
4577,2019,458655
4578,2019,170280
4579,2019,24732
4580,2019,53554
4581,2019,179157
4582,2019,360497
4583,2019,17698
4584,2019,202435
4585,2019,65118
4586,2019,22981
4587,2019,22933
4588,2019,52152
4589,2019,22974
4590,2019,71300
4591,2019,16333
4592,2019,31227
4593,2019,22016
4594,2019,51614
4595,2019,129365
4596,2019,33735
4597,2019,91275
4598,2019,131334
4599,2019,221022
4600,2019,401611
4601,2019,76128
4602,2019,261719
4603,2019,392384
4604,2019,35947
4605,2019,8530
4606,2019,15627
4607,2019,80544
4608,2019,20169
4609,2019,113045
4610,2019,43977
4611,2019,27634
4612,2019,93029
4613,2019,32088
4614,2019,146381
4615,2019,36323
4616,2019,55851
4617,2019,29352
4618,2019,21557
4619,2019,192353
4620,2019,194941
4621,2019,23648
4622,2019,31444
4623,2019,34556
4624,2019,316197
4625,2019,26629
4626,2019,228824
4627,2019,44909
4628,2019,11083
4629,2019,18466
4630,2019,15794
4631,2019,85067
4632,2019,20161
4633,2019,684838
4634,2019,130160
4635,2019,21935
4636,2019,16303
4637,2019,172204
4638,2019,148536
4639,2019,398655
4640,2019,20981
4641,2019,36957
4642,2019,33468
4643,2019,43700
4644,2019,28831
4645,2019,62886
4646,2019,239592
4647,2019,29135
4648,2019,19128
4649,2019,777996
4650,2019,2695796
4651,2019,17491
4652,2019,30126
4653,2019,9118
4654,2019,86026
4655,2019,51499
4656,2019,961073
4657,2019,150603
4658,2019,281946
4659,2019,144906
4660,2019,511368
4661,2019,36920
4662,2019,34739
4663,2019,29320
4664,2019,28909
4665,2019,97469
4666,2019,206244
4667,2019,19801
4668,2019,30131
4669,2019,157708
4670,2019,164361
4671,2019,27360
4672,2019,1585974
4673,2019,27058
4674,2019,38278
4675,2019,5209
4676,2019,515608
4677,2019,8517502
4678,2019,1163931
4679,2019,64363
4680,2019,80023
4681,2019,10418
4682,2019,138403
4683,2019,177505
4684,2019,64470
4685,2019,47069
4686,2019,512169
4687,2019,22521
4688,2019,94931
4689,2019,99660
4690,2019,2157706
4691,2019,33047
4692,2019,173182
4693,2019,82936
4694,2019,857587
4695,2019,101061
4696,2019,1134293
4697,2019,52994
4698,2019,37608
4699,2019,431140
4700,2019,541564
4701,2019,138023
4702,2019,134251
4703,2019,37984
4704,2019,338012
4705,2019,81481198
4706,2019,62618
4707,2019,2418188
4708,2019,16353
4709,2019,213876
4710,2019,136349
4711,2019,130185
4712,2019,68548
4713,2019,160065
4714,2019,32848
4715,2019,391234
4716,2019,27409
4717,2019,18581
4718,2019,16201
4719,2019,58320
4720,2019,20632
4721,2019,21302
4722,2019,2413463
4723,2019,8047242
4724,2019,19533
4725,2019,26186
4726,2019,12299
4727,2019,86475
4728,2019,103475
4729,2019,18779
4730,2019,273240
4731,2019,151920
4732,2019,23067
4733,2019,61548
4734,2019,215362
4735,2019,37400
4736,2019,121146
4737,2019,1014854
4738,2019,29308
4739,2019,19700
4740,2019,18235
4741,2019,91469
4742,2019,30449
4743,2019,647942
4744,2019,161368
4745,2019,252979
4746,2019,56706
4747,2019,30356
4748,2019,50926
4749,2019,312358
4750,2019,23869
4751,2019,22773
4752,2019,580077
4753,2019,113137
4754,2019,3045
4755,2019,80636
4756,2019,28939
4757,2019,72304
4758,2019,1015035
4759,2019,14485
4760,2019,33937
4761,2019,105377
4762,2019,636665
4763,2019,124091
4764,2019,15046
4765,2019,20996
4766,2019,16151
4767,2019,13919
4768,2019,131344
4769,2019,1110627
4770,2019,207009
4771,2019,17984
4772,2019,290566
4773,2019,15148
4774,2019,21889
4775,2019,26190
4776,2019,16187
4777,2019,11506
4778,2019,8936
4779,2019,204865
4780,2019,4556
4781,2019,20607
4782,2019,21858
4783,2019,153818
4784,2019,4303651
4785,2019,34738
4786,2019,19890
4787,2019,80003
4788,2019,80016
4789,2019,1521222
4790,2019,25148
4791,2019,127770
4792,2019,4897849
4793,2019,1482850
4794,2019,1067787
4795,2019,169659
4796,2019,124085
4797,2019,10193
4798,2019,41299
4799,2019,30126
4800,2019,42098
4801,2019,142910
4802,2019,27534
4803,2019,48573
4804,2019,61385
4805,2019,97789
4806,2019,39398
4807,2019,173213
4808,2019,78104
4809,2019,76882
4810,2019,21741
4811,2019,667148
4812,2019,73827
4813,2019,39151
4814,2019,17467
4815,2019,76505
4816,2019,20459
4817,2019,18332
4818,2019,53399748
4819,2019,36670122
4820,2019,110207
4821,2019,32328
4822,2019,276218
4823,2019,39001786
4824,2019,15274
4825,2019,642805
4826,2019,17961
4827,2019,34673737
4828,2019,20604
4829,2019,20679
4830,2019,3112732
4831,2019,727449
4832,2019,129619
4833,2019,6027
4834,2019,25806
4835,2019,50513
4836,2019,13405
4837,2019,161923
4838,2019,81301
4839,2019,19408
4840,2019,264272
4841,2019,33987
4842,2019,96243
4843,2019,133022
4844,2019,83291
4845,2019,1101428
4846,2019,18105
4847,2019,252490
4848,2019,10990
4849,2019,201718
4850,2019,7647
4851,2019,75777
4852,2019,34269302
4853,2019,231996
4854,2019,5635192
4855,2019,399219
4856,2019,1604502
4857,2019,490048
4858,2019,201215
4859,2019,29585
4860,2019,222080
4861,2019,20115
4862,2019,17244
4863,2019,48354
4864,2019,17773
4865,2019,4976101
4866,2019,61766
4867,2019,28427
4868,2019,15984
4869,2019,16924
4870,2019,15523
4871,2019,952466
4872,2019,13643
4873,2019,101776
4874,2019,16873
4875,2019,61379
4876,2019,20568
4877,2019,4381568
4878,2019,71704
4879,2019,17221
4880,2019,3891857
4881,2019,15025
4882,2019,14635
4883,2019,12398
4884,2019,4683585
4885,2019,25802
4886,2019,455267
4887,2019,166978
4888,2019,4247696
4889,2019,74827
4890,2019,29920
4891,2019,48140
4892,2019,24537
4893,2019,75866
4894,2019,99878
4895,2019,73624
4896,2019,15579
4897,2019,10835566
4898,2019,77723
4899,2019,20308
4900,2019,155945
4901,2019,155864
4902,2019,74737
4903,2019,240687
4904,2019,104420
4905,2019,38632
4906,2019,201678
4907,2019,35203
4908,2019,39075
4909,2019,7125337
4910,2019,23743
4911,2019,201138
4912,2019,34582
4913,2019,1581941
4914,2019,22245165
4915,2019,22534
4916,2019,43009
4917,2019,509780
4918,2019,938783
4919,2019,187504
4920,2019,18291
4921,2019,36306
4922,2019,15542
4923,2019,446829
4924,2019,85665
4925,2019,112627
4926,2019,122752
4927,2019,24074
4928,2019,23765
4929,2019,290427
4930,2019,51603
4931,2019,209569
4932,2019,380722
4933,2019,849023
4934,2019,23041
4935,2019,468850
4936,2019,135302
4937,2019,20470
